Wed Aug 14 12:27:03 +0000 2013,-98.27068806,26.09660177
Wed Aug 14 12:27:04 +0000 2013,-2.9342172,56.2139281
Wed Aug 14 12:27:04 +0000 2013,32.85904182,39.91468606
Wed Aug 14 12:27:04 +0000 2013,100.85049736,13.56085009
Wed Aug 14 12:27:05 +0000 2013,-5.44372575,36.15892968
Wed Aug 14 12:27:07 +0000 2013,10.24803488,56.088723
Wed Aug 14 12:27:07 +0000 2013,98.6140197,3.6037454
Wed Aug 14 12:27:08 +0000 2013,-3.857499,40.3977494
Wed Aug 14 12:27:09 +0000 2013,107.61561331,-6.87137854
Wed Aug 14 12:27:12 +0000 2013,-118.36484849,34.07632332
Wed Aug 14 12:27:13 +0000 2013,-76.8994419,38.74372737
Wed Aug 14 12:27:13 +0000 2013,-80.19421644,25.76440612
Wed Aug 14 12:27:14 +0000 2013,111.3238705,-7.7994832
Wed Aug 14 12:27:16 +0000 2013,119.5007138,-5.1435723
Wed Aug 14 12:27:17 +0000 2013,-77.68078,38.47538
Wed Aug 14 12:27:19 +0000 2013,116.85660738,-1.25935037
Wed Aug 14 12:27:21 +0000 2013,23.8780996,38.00680052
Wed Aug 14 12:27:22 +0000 2013,124.8419,1.4749
Wed Aug 14 12:27:23 +0000 2013,-60.0392796,-3.051632
Wed Aug 14 12:27:24 +0000 2013,-84.18776932,33.7100397
Wed Aug 14 12:27:24 +0000 2013,107.6309,-6.92266
Wed Aug 14 12:27:26 +0000 2013,-79.00587312,35.05664294
Wed Aug 14 12:27:26 +0000 2013,116.87867673,-1.24176413
Wed Aug 14 12:27:29 +0000 2013,-0.0019419,51.5397153
Wed Aug 14 12:27:30 +0000 2013,106.72065,-6.15021
Wed Aug 14 12:27:31 +0000 2013,-83.3627814,42.20794232
Wed Aug 14 12:27:31 +0000 2013,-99.06178187,19.45469503
Wed Aug 14 12:27:33 +0000 2013,-49.280415,-25.436297
Wed Aug 14 12:27:33 +0000 2013,109.62949,-7.39649
Wed Aug 14 12:27:37 +0000 2013,106.65888,-6.11825
Wed Aug 14 12:27:42 +0000 2013,-81.50031156,28.61483834
Wed Aug 14 12:27:44 +0000 2013,27.10111315,38.46972387
Wed Aug 14 12:27:47 +0000 2013,-17.44014859,14.66904151
Wed Aug 14 12:27:47 +0000 2013,39.76112008,40.99968788
Wed Aug 14 12:27:47 +0000 2013,14.23513362,48.2479615
Wed Aug 14 12:27:47 +0000 2013,104.713643,-2.970619
Wed Aug 14 12:27:48 +0000 2013,-51.1318262,-30.0095973
Wed Aug 14 12:27:51 +0000 2013,48.1721505,28.9539262
Wed Aug 14 12:27:53 +0000 2013,108.3539,-7.33147
Wed Aug 14 12:27:53 +0000 2013,119.45125141,-5.16684801
Wed Aug 14 12:27:56 +0000 2013,-49.26424026,-16.70768445
Wed Aug 14 12:27:57 +0000 2013,106.84834,-6.18268565
Wed Aug 14 12:28:00 +0000 2013,29.1392214,41.0100593
Wed Aug 14 12:28:00 +0000 2013,111.51378813,-7.64037125
Wed Aug 14 12:28:02 +0000 2013,32.90704453,36.62835749
Wed Aug 14 12:28:03 +0000 2013,103.01042,2.36534
Wed Aug 14 12:28:04 +0000 2013,135.772691,34.967096
Wed Aug 14 12:28:08 +0000 2013,4.1572412,51.1551014
Wed Aug 14 12:28:09 +0000 2013,102.7991838,16.4684244
Wed Aug 14 12:28:10 +0000 2013,32.90698676,36.62861712
Wed Aug 14 12:28:10 +0000 2013,110.0149126,-7.7090902
Wed Aug 14 12:28:11 +0000 2013,107.55395152,-7.00855417
Wed Aug 14 12:28:13 +0000 2013,1.17817565,41.07270977
Wed Aug 14 12:28:14 +0000 2013,42.6212982,18.2492348
Wed Aug 14 12:28:15 +0000 2013,106.61749,-6.1967
Wed Aug 14 12:28:15 +0000 2013,106.83773,-6.47601
Wed Aug 14 12:28:16 +0000 2013,107.71285,-6.9468
Wed Aug 14 12:28:17 +0000 2013,-0.4747625,39.5488932
Wed Aug 14 12:28:19 +0000 2013,2.33558841,48.79794002
Wed Aug 14 12:28:21 +0000 2013,-1.3223851,52.57412573
Wed Aug 14 12:28:21 +0000 2013,27.84527779,37.83697098
Wed Aug 14 12:28:27 +0000 2013,116.2135949,-3.25151853
Wed Aug 14 12:28:28 +0000 2013,23.79797572,56.97264523
Wed Aug 14 12:28:28 +0000 2013,120.2937283,22.6458044
Wed Aug 14 12:28:28 +0000 2013,101.74558,3.0651
Wed Aug 14 12:28:29 +0000 2013,-99.1849111,19.32470003
Wed Aug 14 12:28:29 +0000 2013,7.07263022,43.63532891
Wed Aug 14 12:28:29 +0000 2013,101.75285245,3.18160095
Wed Aug 14 12:28:30 +0000 2013,28.87788523,40.99533543
Wed Aug 14 12:28:31 +0000 2013,106.923,-6.22774
Wed Aug 14 12:28:31 +0000 2013,115.20569,-8.6591
Wed Aug 14 12:28:34 +0000 2013,100.33915,6.44882
Wed Aug 14 12:28:34 +0000 2013,110.3932113,-7.8275714
Wed Aug 14 12:28:34 +0000 2013,137.17412847,34.85917429
Wed Aug 14 12:28:37 +0000 2013,-1.90331617,52.49629438
Wed Aug 14 12:28:37 +0000 2013,107.5147941,-6.4951503
Wed Aug 14 12:28:43 +0000 2013,123.6655465,-10.153799
Wed Aug 14 12:28:44 +0000 2013,106.79083,-6.17733
Wed Aug 14 12:28:46 +0000 2013,-80.8731402,35.0889145
Wed Aug 14 12:28:48 +0000 2013,119.458823,-5.1633807
Wed Aug 14 12:28:50 +0000 2013,-73.579175,40.72789867
Wed Aug 14 12:28:50 +0000 2013,-70.7673798,-33.4999208
Wed Aug 14 12:28:50 +0000 2013,-83.04848769,42.33312717
Wed Aug 14 12:28:51 +0000 2013,-5.9097201,54.6733571
Wed Aug 14 12:28:51 +0000 2013,105.24563,-5.3796038
Wed Aug 14 12:28:51 +0000 2013,121.11373913,14.27356371
Wed Aug 14 12:28:53 +0000 2013,112.659108,-7.8661786
Wed Aug 14 12:28:58 +0000 2013,98.66178,3.58344
Wed Aug 14 12:28:59 +0000 2013,-9.04651,38.56051
Wed Aug 14 12:28:59 +0000 2013,140.04959781,40.18527831
Wed Aug 14 12:29:00 +0000 2013,-1.1227281,52.30709739
Wed Aug 14 12:29:01 +0000 2013,103.3302892,3.8435311
Wed Aug 14 12:29:03 +0000 2013,112.58155,-7.08816
Wed Aug 14 12:29:04 +0000 2013,-3.7423658,40.4095073
Wed Aug 14 12:29:04 +0000 2013,99.5711972,0.8067737
Wed Aug 14 12:29:05 +0000 2013,-51.1863154,-30.00848544
Wed Aug 14 12:29:08 +0000 2013,100.39167166,5.38649591
Wed Aug 14 12:29:10 +0000 2013,-43.241735,-22.9235829
Wed Aug 14 12:29:10 +0000 2013,107.90604,-7.23531
Wed Aug 14 12:29:11 +0000 2013,-70.71129,19.46405
Wed Aug 14 12:29:11 +0000 2013,0.0,0.0
Wed Aug 14 12:29:14 +0000 2013,120.99324738,14.56497798
Wed Aug 14 12:29:16 +0000 2013,107.0887604,-6.2744751
Wed Aug 14 12:29:19 +0000 2013,-45.5472694,-23.0055366
Wed Aug 14 12:29:19 +0000 2013,-75.91158198,40.35523311
Wed Aug 14 12:29:21 +0000 2013,-43.5570324,-22.7138524
Wed Aug 14 12:29:22 +0000 2013,32.80946732,39.90078182
Wed Aug 14 12:29:22 +0000 2013,-59.9750896,-3.0359469
Wed Aug 14 12:29:22 +0000 2013,100.3429086,13.7124204
Wed Aug 14 12:29:22 +0000 2013,16.01315,40.0863
Wed Aug 14 12:29:26 +0000 2013,38.32412302,38.34553947
Wed Aug 14 12:29:26 +0000 2013,-2.05323312,52.61953469
Wed Aug 14 12:29:26 +0000 2013,37.62012937,55.76177145
Wed Aug 14 12:29:28 +0000 2013,-0.13822365,38.53776767
Wed Aug 14 12:29:29 +0000 2013,-7.06880095,39.0151631
Wed Aug 14 12:29:31 +0000 2013,-75.01875373,40.94154422
Wed Aug 14 12:29:31 +0000 2013,109.5001106,-7.6037793
Wed Aug 14 12:29:32 +0000 2013,106.87109,-6.23701
Wed Aug 14 12:29:34 +0000 2013,101.58388859,3.07464168
Wed Aug 14 12:29:42 +0000 2013,110.28103,-7.5804
Wed Aug 14 12:29:42 +0000 2013,107.6701832,-6.9756331
Wed Aug 14 12:29:43 +0000 2013,101.48095674,3.08037128
Wed Aug 14 12:29:44 +0000 2013,31.37436,30.0476
Wed Aug 14 12:29:46 +0000 2013,9.53554264,42.35177893
Wed Aug 14 12:29:46 +0000 2013,121.0629276,14.68755181
Wed Aug 14 12:29:47 +0000 2013,38.06322,24.977
Wed Aug 14 12:29:47 +0000 2013,0.0,0.0
Wed Aug 14 12:29:47 +0000 2013,-1.47788241,53.38191142
Wed Aug 14 12:29:47 +0000 2013,-100.76722222,28.41972222
Wed Aug 14 12:29:48 +0000 2013,107.63627529,-6.92600083
Wed Aug 14 12:29:49 +0000 2013,6.27741679,49.44323042
Wed Aug 14 12:29:49 +0000 2013,140.62024727,35.8477549
Wed Aug 14 12:29:53 +0000 2013,27.41452319,37.75859186
Wed Aug 14 12:29:53 +0000 2013,115.17385,-8.71655
Wed Aug 14 12:29:54 +0000 2013,-6.48299922,54.05707012
Wed Aug 14 12:29:54 +0000 2013,-82.69132795,41.430834
Wed Aug 14 12:29:54 +0000 2013,112.76191,-7.26719
Wed Aug 14 12:29:54 +0000 2013,-2.2882935,53.56284427
Wed Aug 14 12:29:56 +0000 2013,114.65655,-3.31764
Wed Aug 14 12:29:56 +0000 2013,112.68874,-7.28092
Wed Aug 14 12:29:57 +0000 2013,-47.61315471,-16.77040131
Wed Aug 14 12:29:58 +0000 2013,100.66832542,4.27630711
Wed Aug 14 12:29:58 +0000 2013,106.84333,-6.24488
Wed Aug 14 12:30:01 +0000 2013,-78.67008487,33.82328474
Wed Aug 14 12:30:01 +0000 2013,48.06322837,46.36981869
Wed Aug 14 12:30:01 +0000 2013,100.3109758,-0.822264
Wed Aug 14 12:30:02 +0000 2013,-49.6290116,-29.1070616
Wed Aug 14 12:30:02 +0000 2013,-0.62958239,51.50730936
Wed Aug 14 12:30:03 +0000 2013,-79.78553306,36.07205044
Wed Aug 14 12:30:06 +0000 2013,-72.2281767,7.74704
Wed Aug 14 12:30:07 +0000 2013,39.1489,51.7011
Wed Aug 14 12:30:07 +0000 2013,103.65769,16.05538
Wed Aug 14 12:30:10 +0000 2013,-1.59771743,47.22486909
Wed Aug 14 12:30:12 +0000 2013,-89.03992916,42.51691704
Wed Aug 14 12:30:13 +0000 2013,103.74473333,1.38526889
Wed Aug 14 12:30:14 +0000 2013,132.17836708,34.16760396
Wed Aug 14 12:30:14 +0000 2013,-97.31503782,37.59623949
Wed Aug 14 12:30:16 +0000 2013,119.44370605,-5.21651782
Wed Aug 14 12:30:18 +0000 2013,121.0645911,14.730539
Wed Aug 14 12:30:18 +0000 2013,106.9451695,-6.2277801
Wed Aug 14 12:30:20 +0000 2013,-60.0010986,-3.03070209
Wed Aug 14 12:30:21 +0000 2013,119.4511648,-5.2029918
Wed Aug 14 12:30:25 +0000 2013,37.4307002,55.72058581
Wed Aug 14 12:30:27 +0000 2013,120.59225557,15.48993987
Wed Aug 14 12:30:28 +0000 2013,26.68535295,41.2665734
Wed Aug 14 12:30:29 +0000 2013,27.12867737,38.41822493
Wed Aug 14 12:30:32 +0000 2013,107.6401,-6.93055
Wed Aug 14 12:30:35 +0000 2013,-3.52517224,37.47013698
Wed Aug 14 12:30:35 +0000 2013,44.39,35.47
Wed Aug 14 12:30:35 +0000 2013,-70.61181023,-33.43386219
Wed Aug 14 12:30:38 +0000 2013,100.6047589,14.06363025
Wed Aug 14 12:30:39 +0000 2013,142.4005457,43.7431467
Wed Aug 14 12:30:40 +0000 2013,121.51295979,25.00060965
Wed Aug 14 12:30:40 +0000 2013,106.81724381,-6.40323095
Wed Aug 14 12:30:45 +0000 2013,39.18467,21.48649
Wed Aug 14 12:30:45 +0000 2013,27.14720448,38.43351951
Wed Aug 14 12:30:46 +0000 2013,108.955375,34.267212
Wed Aug 14 12:30:47 +0000 2013,140.88204569,38.26536588
Wed Aug 14 12:30:48 +0000 2013,-1.6269572,55.0299167
Wed Aug 14 12:30:48 +0000 2013,101.9911072,14.937859
Wed Aug 14 12:30:48 +0000 2013,106.82906,-6.5127
Wed Aug 14 12:30:49 +0000 2013,-47.22585678,-22.84260368
Wed Aug 14 12:30:49 +0000 2013,-80.8731402,35.0889145
Wed Aug 14 12:30:50 +0000 2013,34.59257954,36.79264302
Wed Aug 14 12:30:52 +0000 2013,-84.12943463,33.7246426
Wed Aug 14 12:30:53 +0000 2013,107.48086282,-6.82437116
Wed Aug 14 12:30:56 +0000 2013,-89.07827107,32.58312894
Wed Aug 14 12:30:56 +0000 2013,-83.2611739,42.41454598
Wed Aug 14 12:30:57 +0000 2013,31.34255193,30.03724288
Wed Aug 14 12:30:57 +0000 2013,-48.46478103,-1.4673618
Wed Aug 14 12:30:58 +0000 2013,121.1137276,14.273578
Wed Aug 14 12:30:58 +0000 2013,121.0711356,14.3338101
Wed Aug 14 12:30:59 +0000 2013,13.0928656,46.2868779
Wed Aug 14 12:31:00 +0000 2013,-76.08705376,36.79551975
Wed Aug 14 12:31:01 +0000 2013,-80.38667128,40.39045638
Wed Aug 14 12:31:01 +0000 2013,-58.1997679,-26.195812
Wed Aug 14 12:31:01 +0000 2013,40.75821066,26.51785296
Wed Aug 14 12:31:01 +0000 2013,103.68300441,1.5045332
Wed Aug 14 12:31:03 +0000 2013,-50.614222,-25.230347
Wed Aug 14 12:31:03 +0000 2013,-17.44012008,14.66897979
Wed Aug 14 12:31:03 +0000 2013,29.0313397,41.1458261
Wed Aug 14 12:31:06 +0000 2013,41.54347805,41.51175359
Wed Aug 14 12:31:07 +0000 2013,-46.3234025,-23.408085
Wed Aug 14 12:31:07 +0000 2013,107.93743,-6.73347
Wed Aug 14 12:31:07 +0000 2013,107.0200421,-6.2852746
Wed Aug 14 12:31:12 +0000 2013,-81.52646461,39.91200083
Wed Aug 14 12:31:12 +0000 2013,124.80590829,1.44897857
Wed Aug 14 12:31:12 +0000 2013,-70.5784987,-33.5952538
Wed Aug 14 12:31:13 +0000 2013,41.7397457,27.5476015
Wed Aug 14 12:31:14 +0000 2013,-73.86461457,40.83830227
Wed Aug 14 12:31:16 +0000 2013,-93.1197607,44.9374001
Wed Aug 14 12:31:20 +0000 2013,-2.0876718,57.1872175
Wed Aug 14 12:31:21 +0000 2013,-58.52583422,-34.78790718
Wed Aug 14 12:31:22 +0000 2013,-54.8718934,-29.1869356
Wed Aug 14 12:31:23 +0000 2013,130.06674011,33.15171744
Wed Aug 14 12:31:24 +0000 2013,-2.73464591,53.35873903
Wed Aug 14 12:31:24 +0000 2013,122.0587903,6.917251
Wed Aug 14 12:31:26 +0000 2013,1.7255485,52.4931168
Wed Aug 14 12:31:27 +0000 2013,140.29060593,35.79114078
Wed Aug 14 12:31:28 +0000 2013,9.46982404,42.76496305
Wed Aug 14 12:31:29 +0000 2013,107.3028028,-6.314132
Wed Aug 14 12:31:31 +0000 2013,-13.5504871,28.95935792
Wed Aug 14 12:31:32 +0000 2013,38.9237222,47.2360776
Wed Aug 14 12:31:32 +0000 2013,-103.4651294,25.5443282
Wed Aug 14 12:31:35 +0000 2013,112.7818462,-7.3314524
Wed Aug 14 12:31:35 +0000 2013,26.3033402,38.32085157
Wed Aug 14 12:31:38 +0000 2013,41.67917775,27.50524801
Wed Aug 14 12:31:38 +0000 2013,103.55581,-3.77427
Wed Aug 14 12:31:44 +0000 2013,-75.16345865,39.94931368
Wed Aug 14 12:31:45 +0000 2013,-84.39406,33.68075133
Wed Aug 14 12:31:45 +0000 2013,-0.16288519,51.49916581
Wed Aug 14 12:31:46 +0000 2013,106.8090941,-6.3377054
Wed Aug 14 12:31:46 +0000 2013,55.6559,24.15672
Wed Aug 14 12:31:47 +0000 2013,-2.34491612,36.85525134
Wed Aug 14 12:31:48 +0000 2013,112.69854891,-7.44036199
Wed Aug 14 12:31:50 +0000 2013,-97.56200493,30.52062106
Wed Aug 14 12:31:51 +0000 2013,16.37308359,48.20340391
Wed Aug 14 12:31:51 +0000 2013,-0.1491962,51.5429551
Wed Aug 14 12:31:52 +0000 2013,129.0258361,35.1725501
Wed Aug 14 12:31:52 +0000 2013,141.62281679,42.66338762
Wed Aug 14 12:31:54 +0000 2013,-43.7723025,-21.2221898
Wed Aug 14 12:31:58 +0000 2013,111.9161,-8.0322
Wed Aug 14 12:31:58 +0000 2013,115.19048,-8.63
Wed Aug 14 12:31:59 +0000 2013,-72.26348,-50.34473
Wed Aug 14 12:32:02 +0000 2013,-77.30822443,25.02649536
Wed Aug 14 12:32:03 +0000 2013,-5.95184135,54.59999543
Wed Aug 14 12:32:03 +0000 2013,106.87563,-6.36028
Wed Aug 14 12:32:04 +0000 2013,-2.38663922,53.57718463
Wed Aug 14 12:32:04 +0000 2013,3.06999561,50.62175728
Wed Aug 14 12:32:05 +0000 2013,28.8452295,41.1154067
Wed Aug 14 12:32:06 +0000 2013,112.7508025,-7.3546199
Wed Aug 14 12:32:07 +0000 2013,104.2179524,1.5612656
Wed Aug 14 12:32:09 +0000 2013,112.16933241,-8.09438778
Wed Aug 14 12:32:09 +0000 2013,106.81440353,-6.21974275
Wed Aug 14 12:32:11 +0000 2013,-87.86522907,41.92915145
Wed Aug 14 12:32:11 +0000 2013,-119.288757,36.5397704
Wed Aug 14 12:32:12 +0000 2013,49.08371109,55.81755901
Wed Aug 14 12:32:13 +0000 2013,-81.1545648,35.23801969
Wed Aug 14 12:32:13 +0000 2013,101.7634997,3.0382658
Wed Aug 14 12:32:13 +0000 2013,109.26052,-7.46888
Wed Aug 14 12:32:14 +0000 2013,-77.45302582,38.94465712
Wed Aug 14 12:32:15 +0000 2013,-76.654508,39.3171432
Wed Aug 14 12:32:16 +0000 2013,110.2857203,-7.8087476
Wed Aug 14 12:32:18 +0000 2013,30.70680857,36.88602249
Wed Aug 14 12:32:18 +0000 2013,101.98939275,2.6970324
Wed Aug 14 12:32:19 +0000 2013,-73.10432667,7.10137611
Wed Aug 14 12:32:19 +0000 2013,121.0474435,13.7769077
Wed Aug 14 12:32:19 +0000 2013,52.81029423,23.83885423
Wed Aug 14 12:32:19 +0000 2013,26.65933938,39.33158254
Wed Aug 14 12:32:21 +0000 2013,107.58423769,-6.94141
Wed Aug 14 12:32:22 +0000 2013,-98.45490008,34.6015196
Wed Aug 14 12:32:22 +0000 2013,72.82849,19.07501
Wed Aug 14 12:32:24 +0000 2013,116.0522078,5.9511242
Wed Aug 14 12:32:24 +0000 2013,110.62664,-7.97364
Wed Aug 14 12:32:25 +0000 2013,12.36259842,44.25537109
Wed Aug 14 12:32:26 +0000 2013,101.8211652,2.9702927
Wed Aug 14 12:32:29 +0000 2013,-3.18724209,55.94376447
Wed Aug 14 12:32:29 +0000 2013,101.53066,3.04985
Wed Aug 14 12:32:29 +0000 2013,110.2261599,-7.9454403
Wed Aug 14 12:32:33 +0000 2013,119.85475,-0.9103
Wed Aug 14 12:32:33 +0000 2013,112.7639041,-7.2726232
Wed Aug 14 12:32:33 +0000 2013,-78.81962625,26.54842875
Wed Aug 14 12:32:37 +0000 2013,-78.328611,35.625556
Wed Aug 14 12:32:37 +0000 2013,115.28533,-8.63733
Wed Aug 14 12:32:37 +0000 2013,-93.6365208,41.5961455
Wed Aug 14 12:32:40 +0000 2013,-85.97564529,39.98528001
Wed Aug 14 12:32:41 +0000 2013,108.17059,-6.39624
Wed Aug 14 12:32:41 +0000 2013,107.02734,-6.21439
Wed Aug 14 12:32:43 +0000 2013,-70.79490304,-33.50237718
Wed Aug 14 12:32:47 +0000 2013,142.21683858,42.42968403
Wed Aug 14 12:32:48 +0000 2013,-4.58701788,55.44688066
Wed Aug 14 12:32:50 +0000 2013,115.15944,-8.84622
Wed Aug 14 12:32:51 +0000 2013,106.92975,-6.27988
Wed Aug 14 12:32:51 +0000 2013,130.65828228,33.63098628
Wed Aug 14 12:32:51 +0000 2013,-3.8659285,43.3198257
Wed Aug 14 12:32:53 +0000 2013,-57.5158109,-25.3468597
Wed Aug 14 12:32:54 +0000 2013,50.1709295,26.30595893
Wed Aug 14 12:32:55 +0000 2013,101.7369,3.25795
Wed Aug 14 12:32:55 +0000 2013,103.57492025,1.62682022
Wed Aug 14 12:32:56 +0000 2013,-58.16089528,-26.18768421
Wed Aug 14 12:32:56 +0000 2013,121.67334057,13.97060339
Wed Aug 14 12:32:59 +0000 2013,-73.22161921,41.26197079
Wed Aug 14 12:32:59 +0000 2013,-1.57871733,53.81931567
Wed Aug 14 12:32:59 +0000 2013,101.5904989,3.0544533
Wed Aug 14 12:33:00 +0000 2013,-75.17114689,39.9305643
Wed Aug 14 12:33:00 +0000 2013,34.5133874,45.8617865
Wed Aug 14 12:33:03 +0000 2013,107.58741,-6.92817
Wed Aug 14 12:33:04 +0000 2013,34.43410364,36.67485149
Wed Aug 14 12:33:05 +0000 2013,-2.61791378,51.49431661
Wed Aug 14 12:33:05 +0000 2013,2.4649495,48.9335591
Wed Aug 14 12:33:06 +0000 2013,8.57665616,45.36222432
Wed Aug 14 12:33:07 +0000 2013,5.44856,43.91622
Wed Aug 14 12:33:08 +0000 2013,44.98126511,53.21391954
Wed Aug 14 12:33:08 +0000 2013,105.58496552,-5.7184826
Wed Aug 14 12:33:08 +0000 2013,140.4744458,37.7082157
Wed Aug 14 12:33:14 +0000 2013,-5.55062084,50.12487233
Wed Aug 14 12:33:14 +0000 2013,115.0939163,-8.1148224
Wed Aug 14 12:33:18 +0000 2013,-74.08456734,40.8712844
Wed Aug 14 12:33:18 +0000 2013,46.63885488,24.68817744
Wed Aug 14 12:33:21 +0000 2013,106.7318885,-6.4277662
Wed Aug 14 12:33:22 +0000 2013,-71.5831774,-33.02592965
Wed Aug 14 12:33:23 +0000 2013,0.0,0.0
Wed Aug 14 12:33:24 +0000 2013,82.82724953,54.98095728
Wed Aug 14 12:33:24 +0000 2013,95.316895,5.894069
Wed Aug 14 12:33:25 +0000 2013,110.44683,-6.99044
Wed Aug 14 12:33:26 +0000 2013,39.63034399,24.44611397
Wed Aug 14 12:33:26 +0000 2013,5.44340157,43.5274004
Wed Aug 14 12:33:27 +0000 2013,30.983483,-29.7103405
Wed Aug 14 12:33:27 +0000 2013,98.77957472,3.52273093
Wed Aug 14 12:33:28 +0000 2013,125.6300847,7.1262011
Wed Aug 14 12:33:29 +0000 2013,98.67165,3.58351
Wed Aug 14 12:33:34 +0000 2013,-2.28669919,53.54508998
Wed Aug 14 12:33:35 +0000 2013,-4.2637151,41.117908
Wed Aug 14 12:33:36 +0000 2013,39.91792906,22.68968968
Wed Aug 14 12:33:36 +0000 2013,30.840747,37.874463
Wed Aug 14 12:33:36 +0000 2013,2.59153394,48.78194083
Wed Aug 14 12:33:37 +0000 2013,-74.0503507,4.72801605
Wed Aug 14 12:33:38 +0000 2013,106.8892021,-6.2245737
Wed Aug 14 12:33:38 +0000 2013,135.772691,34.967096
Wed Aug 14 12:33:38 +0000 2013,112.6202242,-7.9733928
Wed Aug 14 12:33:39 +0000 2013,5.38148,43.93416
Wed Aug 14 12:33:43 +0000 2013,-0.35335115,51.50901151
Wed Aug 14 12:33:45 +0000 2013,39.75090246,47.23260496
Wed Aug 14 12:33:45 +0000 2013,-3.6410267,40.3721917
Wed Aug 14 12:33:45 +0000 2013,112.62646,-7.9761
Wed Aug 14 12:33:47 +0000 2013,-77.35175631,37.82933816
Wed Aug 14 12:33:48 +0000 2013,-6.2429948,53.77105302
Wed Aug 14 12:33:49 +0000 2013,106.92351,-6.91921
Wed Aug 14 12:33:50 +0000 2013,2.364585,48.866495
Wed Aug 14 12:33:51 +0000 2013,107.6354768,-6.9008456
Wed Aug 14 12:33:54 +0000 2013,-75.22777309,39.93270167
Wed Aug 14 12:33:55 +0000 2013,103.89858296,1.36993826
Wed Aug 14 12:33:56 +0000 2013,112.0434626,-7.6228097
Wed Aug 14 12:33:57 +0000 2013,101.58176,-2.16391
Wed Aug 14 12:33:58 +0000 2013,48.0538993,29.2979928
Wed Aug 14 12:33:58 +0000 2013,5.83228038,51.91443224
Wed Aug 14 12:33:59 +0000 2013,48.09219426,29.33826042
Wed Aug 14 12:33:59 +0000 2013,-76.73649115,36.96468099
Wed Aug 14 12:34:03 +0000 2013,29.09575671,37.74411861
Wed Aug 14 12:34:03 +0000 2013,112.61178,-7.38119
Wed Aug 14 12:34:04 +0000 2013,-4.52744066,55.6364225
Wed Aug 14 12:34:04 +0000 2013,104.79639,-3.00313
Wed Aug 14 12:34:05 +0000 2013,106.78889,-6.19954
Wed Aug 14 12:34:06 +0000 2013,-74.05104888,4.72413485
Wed Aug 14 12:34:07 +0000 2013,102.89017489,-3.2824879
Wed Aug 14 12:34:07 +0000 2013,100.591738,14.34990317
Wed Aug 14 12:34:07 +0000 2013,-0.03681587,51.70780785
Wed Aug 14 12:34:08 +0000 2013,-81.99249042,34.89579768
Wed Aug 14 12:34:09 +0000 2013,-4.7396536,37.6093357
Wed Aug 14 12:34:09 +0000 2013,106.86678,-6.16548
Wed Aug 14 12:34:09 +0000 2013,101.9649721,2.7360852
Wed Aug 14 12:34:10 +0000 2013,-60.04446908,-3.12351088
Wed Aug 14 12:34:10 +0000 2013,103.8484149,1.3392975
Wed Aug 14 12:34:11 +0000 2013,3.95907375,39.9388613
Wed Aug 14 12:34:12 +0000 2013,121.5472699,16.6928141
Wed Aug 14 12:34:13 +0000 2013,-3.03104157,56.18078761
Wed Aug 14 12:34:15 +0000 2013,-86.22822571,39.82880783
Wed Aug 14 12:34:15 +0000 2013,-43.3358962,-22.7032758
Wed Aug 14 12:34:16 +0000 2013,106.84113,-6.40618
Wed Aug 14 12:34:17 +0000 2013,3.48501,43.28435
Wed Aug 14 12:34:17 +0000 2013,140.02023496,35.68772252
Wed Aug 14 12:34:19 +0000 2013,-45.42685983,-23.71894609
Wed Aug 14 12:34:19 +0000 2013,-0.4088941,39.5108534
Wed Aug 14 12:34:19 +0000 2013,-49.4036465,-22.4132888
Wed Aug 14 12:34:22 +0000 2013,142.422639,43.771637
Wed Aug 14 12:34:22 +0000 2013,139.73636629,35.62734897
Wed Aug 14 12:34:23 +0000 2013,115.08492,-8.1214
Wed Aug 14 12:34:25 +0000 2013,-1.95461264,52.54191604
Wed Aug 14 12:34:25 +0000 2013,3.85617745,47.7799006
Wed Aug 14 12:34:26 +0000 2013,-70.12220423,-20.26682154
Wed Aug 14 12:34:28 +0000 2013,128.3966605,35.2750371
Wed Aug 14 12:34:31 +0000 2013,115.2080624,-8.6260054
Wed Aug 14 12:34:32 +0000 2013,-9.37496932,38.81045016
Wed Aug 14 12:34:32 +0000 2013,117.14934497,-0.52277742
Wed Aug 14 12:34:33 +0000 2013,-84.5225682,9.909168
Wed Aug 14 12:34:33 +0000 2013,107.61496,-6.94937
Wed Aug 14 12:34:36 +0000 2013,-46.65923686,-23.63868482
Wed Aug 14 12:34:39 +0000 2013,106.8640437,-6.3942841
Wed Aug 14 12:34:40 +0000 2013,-79.2388389,43.8878185
Wed Aug 14 12:34:41 +0000 2013,28.24337989,36.82732461
Wed Aug 14 12:34:41 +0000 2013,120.1837371,-5.5590726
Wed Aug 14 12:34:42 +0000 2013,-88.19259728,41.67110368
Wed Aug 14 12:34:44 +0000 2013,107.77200556,-6.5595506
Wed Aug 14 12:34:44 +0000 2013,111.7099868,-8.0600893
Wed Aug 14 12:34:46 +0000 2013,-1.26669943,51.46136734
Wed Aug 14 12:34:46 +0000 2013,106.59083,-6.23583
Wed Aug 14 12:34:48 +0000 2013,-1.20096499,50.85649621
Wed Aug 14 12:34:49 +0000 2013,-74.79463417,10.92689125
Wed Aug 14 12:34:49 +0000 2013,97.13619,5.15344
Wed Aug 14 12:34:55 +0000 2013,-95.54699774,29.72716694
Wed Aug 14 12:34:58 +0000 2013,133.92281432,34.66659154
Wed Aug 14 12:34:59 +0000 2013,102.83037835,16.47259793
Wed Aug 14 12:34:59 +0000 2013,-74.1391888,40.95149583
Wed Aug 14 12:34:59 +0000 2013,104.04953,1.10156
Wed Aug 14 12:35:00 +0000 2013,-62.983527,-40.8163938
Wed Aug 14 12:35:01 +0000 2013,-94.43780249,18.12789779
Wed Aug 14 12:35:01 +0000 2013,-4.47321927,36.66561484
Wed Aug 14 12:35:02 +0000 2013,138.2082361,34.8340017
Wed Aug 14 12:35:03 +0000 2013,121.01659468,14.57751764
Wed Aug 14 12:35:07 +0000 2013,0.0,0.0
Wed Aug 14 12:35:08 +0000 2013,106.86933,-6.28978
Wed Aug 14 12:35:09 +0000 2013,-2.20109971,51.8460463
Wed Aug 14 12:35:10 +0000 2013,117.13308,-0.50937
Wed Aug 14 12:35:11 +0000 2013,-82.85678207,40.00084078
Wed Aug 14 12:35:11 +0000 2013,102.1354276,-3.4546096
Wed Aug 14 12:35:11 +0000 2013,106.61877,-6.19867
Wed Aug 14 12:35:11 +0000 2013,101.4646997,0.4734062
Wed Aug 14 12:35:12 +0000 2013,-4.2822742,36.7173152
Wed Aug 14 12:35:12 +0000 2013,139.8658424,35.78444875
Wed Aug 14 12:35:12 +0000 2013,107.53336,-6.90345
Wed Aug 14 12:35:13 +0000 2013,106.93742299,-6.26231109
Wed Aug 14 12:35:15 +0000 2013,113.22686,-8.11931
Wed Aug 14 12:35:16 +0000 2013,116.1122954,-8.5751011
Wed Aug 14 12:35:18 +0000 2013,107.6491546,-6.8943895
Wed Aug 14 12:35:19 +0000 2013,135.772691,34.967096
Wed Aug 14 12:35:21 +0000 2013,106.25976,-6.36735
Wed Aug 14 12:35:21 +0000 2013,2.08297714,41.41622456
Wed Aug 14 12:35:22 +0000 2013,106.6402,-6.57479
Wed Aug 14 12:35:23 +0000 2013,102.830279,16.472561
Wed Aug 14 12:35:24 +0000 2013,-46.34265554,-23.96364452
Wed Aug 14 12:35:25 +0000 2013,7.61685133,47.22605308
Wed Aug 14 12:35:27 +0000 2013,-37.04394653,-10.95792996
Wed Aug 14 12:35:29 +0000 2013,123.60748,-10.15786
Wed Aug 14 12:35:29 +0000 2013,106.7513211,-6.3133731
Wed Aug 14 12:35:30 +0000 2013,-75.91313052,42.09686014
Wed Aug 14 12:35:32 +0000 2013,24.96847451,60.31924526
Wed Aug 14 12:35:32 +0000 2013,28.11207117,36.77058077
Wed Aug 14 12:35:32 +0000 2013,106.6822079,-6.1762464
Wed Aug 14 12:35:33 +0000 2013,39.2735952,21.4897617
Wed Aug 14 12:35:33 +0000 2013,-58.4552712,-34.8103587
Wed Aug 14 12:35:35 +0000 2013,111.911493,-7.5954656
Wed Aug 14 12:35:35 +0000 2013,107.08060348,-6.2523991
Wed Aug 14 12:35:36 +0000 2013,120.9514494,15.4785935
Wed Aug 14 12:35:36 +0000 2013,106.5614861,-6.2262268
Wed Aug 14 12:35:38 +0000 2013,-46.51643877,-23.64228525
Wed Aug 14 12:35:42 +0000 2013,-43.1142009,-22.9018358
Wed Aug 14 12:35:44 +0000 2013,-71.40618933,41.70314603
Wed Aug 14 12:35:44 +0000 2013,99.9649352,8.4093194
Wed Aug 14 12:35:45 +0000 2013,2.2687502,41.5650831
Wed Aug 14 12:35:45 +0000 2013,56.7249326,24.3337027
Wed Aug 14 12:35:45 +0000 2013,0.0,0.0
Wed Aug 14 12:35:46 +0000 2013,-1.57159263,53.80743842
Wed Aug 14 12:35:46 +0000 2013,106.817353,-6.5894458
Wed Aug 14 12:35:47 +0000 2013,100.13728761,15.70617658
Wed Aug 14 12:35:47 +0000 2013,110.79506,-7.54741
Wed Aug 14 12:35:48 +0000 2013,-77.33757019,38.64483015
Wed Aug 14 12:35:48 +0000 2013,-1.75573747,54.71643162
Wed Aug 14 12:35:50 +0000 2013,0.0,0.0
Wed Aug 14 12:35:53 +0000 2013,-58.43608143,-34.58032929
Wed Aug 14 12:35:53 +0000 2013,112.6988898,-7.4094931
Wed Aug 14 12:35:54 +0000 2013,101.42527326,3.0386197
Wed Aug 14 12:35:54 +0000 2013,125.57002258,7.05654335
Wed Aug 14 12:35:55 +0000 2013,-0.7442839,40.7787607
Wed Aug 14 12:35:55 +0000 2013,103.90254127,1.46566747
Wed Aug 14 12:35:55 +0000 2013,108.95672,0.88513
Wed Aug 14 12:35:58 +0000 2013,120.61729389,14.97468738
Wed Aug 14 12:36:03 +0000 2013,-115.20989967,36.14707979
Wed Aug 14 12:36:04 +0000 2013,-81.40771488,41.63372589
Wed Aug 14 12:36:04 +0000 2013,-91.08798412,30.43389593
Wed Aug 14 12:36:06 +0000 2013,109.37622,-0.02926
Wed Aug 14 12:36:07 +0000 2013,-99.21825886,19.30814627
Wed Aug 14 12:36:09 +0000 2013,28.13566,-25.99878
Wed Aug 14 12:36:11 +0000 2013,144.95722838,-37.8075718
Wed Aug 14 12:36:12 +0000 2013,110.38,-7.77992
Wed Aug 14 12:36:12 +0000 2013,100.52911811,13.72240009
Wed Aug 14 12:36:14 +0000 2013,-49.8841793,-23.0077819
Wed Aug 14 12:36:14 +0000 2013,103.92871,1.10022
Wed Aug 14 12:36:15 +0000 2013,139.80259542,35.73656865
Wed Aug 14 12:36:17 +0000 2013,107.00835,-6.19951
Wed Aug 14 12:36:18 +0000 2013,-97.7084922,30.31572098
Wed Aug 14 12:36:19 +0000 2013,-75.4773361,10.3725719
Wed Aug 14 12:36:19 +0000 2013,120.98176512,14.3558755
Wed Aug 14 12:36:21 +0000 2013,103.0857951,3.7280661
Wed Aug 14 12:36:23 +0000 2013,-38.48004623,-3.7702614
Wed Aug 14 12:36:23 +0000 2013,50.50932,26.05973
Wed Aug 14 12:36:24 +0000 2013,103.765531,1.4579943
Wed Aug 14 12:36:25 +0000 2013,-6.11791227,36.42188909
Wed Aug 14 12:36:27 +0000 2013,119.4155588,-5.169867
Wed Aug 14 12:36:28 +0000 2013,3.13949657,50.71920563
Wed Aug 14 12:36:28 +0000 2013,106.91772,-6.30964
Wed Aug 14 12:36:30 +0000 2013,38.67587558,31.67031947
Wed Aug 14 12:36:31 +0000 2013,0.18466797,51.57919693
Wed Aug 14 12:36:32 +0000 2013,116.99017,-0.41379
Wed Aug 14 12:36:32 +0000 2013,103.0975381,5.3101287
Wed Aug 14 12:36:33 +0000 2013,-75.22795313,39.93286364
Wed Aug 14 12:36:34 +0000 2013,-49.73454103,-29.34050278
Wed Aug 14 12:36:34 +0000 2013,100.41912048,5.45847475
Wed Aug 14 12:36:34 +0000 2013,144.38214019,43.0197956
Wed Aug 14 12:36:35 +0000 2013,21.733573,42.9218775
Wed Aug 14 12:36:35 +0000 2013,111.9906828,-7.822228
Wed Aug 14 12:36:36 +0000 2013,-1.39181879,54.59133921
Wed Aug 14 12:36:37 +0000 2013,121.0264448,14.5872565
Wed Aug 14 12:36:38 +0000 2013,144.76929764,13.47207243
Wed Aug 14 12:36:38 +0000 2013,100.44986,-0.91929
Wed Aug 14 12:36:39 +0000 2013,28.9978674,41.1185243
Wed Aug 14 12:36:39 +0000 2013,-1.5474685,54.6118815
Wed Aug 14 12:36:40 +0000 2013,-58.4803021,-34.8220827
Wed Aug 14 12:36:44 +0000 2013,-72.22893,7.7771
Wed Aug 14 12:36:45 +0000 2013,106.579336,-6.1529416
Wed Aug 14 12:36:46 +0000 2013,-73.99026569,40.75441958
Wed Aug 14 12:36:46 +0000 2013,-74.7997268,10.9836876
Wed Aug 14 12:36:49 +0000 2013,-80.24747672,36.05897098
Wed Aug 14 12:36:50 +0000 2013,-48.8027115,-26.40066185
Wed Aug 14 12:36:51 +0000 2013,-80.13834827,26.12567817
Wed Aug 14 12:36:51 +0000 2013,3.06479788,50.66509913
Wed Aug 14 12:36:52 +0000 2013,106.79716,-6.13311
Wed Aug 14 12:36:52 +0000 2013,110.37661,-7.00561
Wed Aug 14 12:36:54 +0000 2013,28.2119,-25.67656
Wed Aug 14 12:36:55 +0000 2013,117.161945,-0.496682
Wed Aug 14 12:36:55 +0000 2013,112.65201,-7.97118
Wed Aug 14 12:36:57 +0000 2013,-84.48937616,33.69877312
Wed Aug 14 12:36:58 +0000 2013,104.73953,-2.99741
Wed Aug 14 12:36:59 +0000 2013,2.35076813,48.88503295
Wed Aug 14 12:36:59 +0000 2013,-99.24158864,19.54624866
Wed Aug 14 12:37:01 +0000 2013,-6.32696251,53.32014279
Wed Aug 14 12:37:02 +0000 2013,120.98817825,14.6076366
Wed Aug 14 12:37:02 +0000 2013,106.8282352,-6.2234153
Wed Aug 14 12:37:03 +0000 2013,108.1670635,-6.7635022
Wed Aug 14 12:37:05 +0000 2013,-95.00076019,35.84872164
Wed Aug 14 12:37:06 +0000 2013,28.13633177,37.34019313
Wed Aug 14 12:37:07 +0000 2013,-86.36453602,32.3695153
Wed Aug 14 12:37:07 +0000 2013,107.58147,-6.91141
Wed Aug 14 12:37:07 +0000 2013,143.208081,42.9724724
Wed Aug 14 12:37:08 +0000 2013,-88.38331197,35.66198704
Wed Aug 14 12:37:08 +0000 2013,107.6421851,-6.986892
Wed Aug 14 12:37:11 +0000 2013,101.55445,3.19714
Wed Aug 14 12:37:12 +0000 2013,101.7635548,2.9280862
Wed Aug 14 12:37:13 +0000 2013,111.48143,0.06479
Wed Aug 14 12:37:13 +0000 2013,115.0693707,-8.1263188
Wed Aug 14 12:37:14 +0000 2013,-87.90723263,41.97444887
Wed Aug 14 12:37:14 +0000 2013,27.21017361,38.44999261
Wed Aug 14 12:37:16 +0000 2013,-8.54289506,42.87997357
Wed Aug 14 12:37:19 +0000 2013,121.1062862,14.6722131
Wed Aug 14 12:37:20 +0000 2013,-104.85958374,39.00553679
Wed Aug 14 12:37:21 +0000 2013,106.66155,-6.57816
Wed Aug 14 12:37:21 +0000 2013,106.6110724,-6.2284909
Wed Aug 14 12:37:23 +0000 2013,106.76290565,-6.24878854
Wed Aug 14 12:37:25 +0000 2013,-1.13688841,53.52182987
Wed Aug 14 12:37:25 +0000 2013,106.85186,-6.18918
Wed Aug 14 12:37:26 +0000 2013,41.7319921,27.9968134
Wed Aug 14 12:37:26 +0000 2013,-74.00099035,41.98700576
Wed Aug 14 12:37:27 +0000 2013,38.79310752,37.16506395
Wed Aug 14 12:37:27 +0000 2013,103.82318557,1.25707759
Wed Aug 14 12:37:27 +0000 2013,110.46408526,-6.97150105
Wed Aug 14 12:37:28 +0000 2013,-0.06330202,51.40299705
Wed Aug 14 12:37:29 +0000 2013,2.54357517,48.96158633
Wed Aug 14 12:37:29 +0000 2013,-4.4516447,36.6856918
Wed Aug 14 12:37:33 +0000 2013,121.13009453,14.5799122
Wed Aug 14 12:37:33 +0000 2013,28.0052302,54.04716
Wed Aug 14 12:37:34 +0000 2013,107.7591608,-6.9680952
Wed Aug 14 12:37:36 +0000 2013,-3.3835565,51.5388211
Wed Aug 14 12:37:37 +0000 2013,135.772691,34.967096
Wed Aug 14 12:37:40 +0000 2013,121.0957639,14.5941897
Wed Aug 14 12:37:40 +0000 2013,106.85133,-6.39974
Wed Aug 14 12:37:42 +0000 2013,-90.10682292,30.01661473
Wed Aug 14 12:37:44 +0000 2013,-85.88848898,41.61897533
Wed Aug 14 12:37:44 +0000 2013,106.87779,-6.12081
Wed Aug 14 12:37:45 +0000 2013,140.7913807,36.9144407
Wed Aug 14 12:37:47 +0000 2013,110.32973,-7.77724
Wed Aug 14 12:37:49 +0000 2013,-2.2373141,38.489423
Wed Aug 14 12:37:49 +0000 2013,-81.62823063,41.13523881
Wed Aug 14 12:37:50 +0000 2013,-3.27635528,39.95293294
Wed Aug 14 12:37:51 +0000 2013,-3.69477882,40.43047829
Wed Aug 14 12:37:51 +0000 2013,107.63528,-6.87648
Wed Aug 14 12:37:53 +0000 2013,32.58295316,39.96346944
Wed Aug 14 12:37:53 +0000 2013,104.19930967,52.26039599
Wed Aug 14 12:37:53 +0000 2013,40.1186417,40.91121526
Wed Aug 14 12:37:54 +0000 2013,30.69343062,36.909653
Wed Aug 14 12:37:54 +0000 2013,-73.32456707,40.87601718
Wed Aug 14 12:37:56 +0000 2013,-73.9039868,40.7764456
Wed Aug 14 12:37:57 +0000 2013,-44.1193593,-22.5500793
Wed Aug 14 12:37:58 +0000 2013,100.75115204,13.69377467
Wed Aug 14 12:37:58 +0000 2013,-117.84522272,33.75304209
Wed Aug 14 12:37:58 +0000 2013,-6.3735439,54.00262994
Wed Aug 14 12:37:59 +0000 2013,-6.16199789,53.27052858
Wed Aug 14 12:38:00 +0000 2013,-74.00139,40.705078
Wed Aug 14 12:38:00 +0000 2013,-88.6961413,32.02292506
Wed Aug 14 12:38:00 +0000 2013,12.54782164,41.95737038
Wed Aug 14 12:38:01 +0000 2013,-97.8957882,36.4279509
Wed Aug 14 12:38:01 +0000 2013,98.58935208,3.52078972
Wed Aug 14 12:38:05 +0000 2013,-84.56433072,33.72865153
Wed Aug 14 12:38:05 +0000 2013,44.06460341,17.99473949
Wed Aug 14 12:38:06 +0000 2013,106.17639,-6.11459
Wed Aug 14 12:38:08 +0000 2013,106.73674,-6.24487
Wed Aug 14 12:38:08 +0000 2013,104.0316323,-3.4321271
Wed Aug 14 12:38:10 +0000 2013,-81.45020873,40.94893752
Wed Aug 14 12:38:12 +0000 2013,-70.88391027,42.2319668
Wed Aug 14 12:38:12 +0000 2013,112.0948446,-8.0642052
Wed Aug 14 12:38:13 +0000 2013,106.56445089,-6.15733135
Wed Aug 14 12:38:13 +0000 2013,130.3931124,33.5854877
Wed Aug 14 12:38:14 +0000 2013,112.77154,-7.28137
Wed Aug 14 12:38:14 +0000 2013,101.4391973,0.52017573
Wed Aug 14 12:38:15 +0000 2013,40.095101,44.6161862
Wed Aug 14 12:38:16 +0000 2013,28.94547209,41.0103629
Wed Aug 14 12:38:18 +0000 2013,112.91109616,-7.89270184
Wed Aug 14 12:38:18 +0000 2013,-82.98125147,42.628103
Wed Aug 14 12:38:19 +0000 2013,-7.06880077,39.01510893
Wed Aug 14 12:38:19 +0000 2013,107.75394705,-6.56375045
Wed Aug 14 12:38:24 +0000 2013,104.75368,-2.98466
Wed Aug 14 12:38:25 +0000 2013,134.47261274,34.12123883
Wed Aug 14 12:38:27 +0000 2013,-43.5637501,-22.7273709
Wed Aug 14 12:38:27 +0000 2013,-1.52816995,53.79439204
Wed Aug 14 12:38:27 +0000 2013,101.5124393,3.170446
Wed Aug 14 12:38:28 +0000 2013,135.75337675,35.01300859
Wed Aug 14 12:38:28 +0000 2013,104.42510546,1.19130799
Wed Aug 14 12:38:29 +0000 2013,-71.48935547,43.42119293
Wed Aug 14 12:38:29 +0000 2013,-73.99611251,40.7443747
Wed Aug 14 12:38:31 +0000 2013,6.63774898,46.51719626
Wed Aug 14 12:38:31 +0000 2013,2.14915145,41.39594188
Wed Aug 14 12:38:31 +0000 2013,101.7724065,3.0733954
Wed Aug 14 12:38:34 +0000 2013,110.42847,-7.05513
Wed Aug 14 12:38:34 +0000 2013,101.42081,0.56262
Wed Aug 14 12:38:35 +0000 2013,2.37046563,48.72810408
Wed Aug 14 12:38:35 +0000 2013,101.1772317,4.6511477
Wed Aug 14 12:38:36 +0000 2013,112.6173039,-7.9544995
Wed Aug 14 12:38:38 +0000 2013,-51.20489484,-30.00594518
Wed Aug 14 12:38:38 +0000 2013,22.43059822,37.075098
Wed Aug 14 12:38:40 +0000 2013,-83.00123934,39.96220654
Wed Aug 14 12:38:42 +0000 2013,103.58878351,1.56733262
Wed Aug 14 12:38:43 +0000 2013,119.62084,-4.06837
Wed Aug 14 12:38:48 +0000 2013,101.7218801,3.1304368
Wed Aug 14 12:38:53 +0000 2013,135.50185094,34.66308816
Wed Aug 14 12:38:54 +0000 2013,120.98223925,14.57749883
Wed Aug 14 12:38:54 +0000 2013,2.32286581,48.87474843
Wed Aug 14 12:38:54 +0000 2013,110.7201813,-6.6298728
Wed Aug 14 12:38:55 +0000 2013,-70.146081,-20.22584349
Wed Aug 14 12:38:55 +0000 2013,103.87884013,1.48327269
Wed Aug 14 12:38:56 +0000 2013,110.52446733,-7.41767644
Wed Aug 14 12:38:56 +0000 2013,101.7298351,3.2228176
Wed Aug 14 12:38:57 +0000 2013,138.3010837,37.2455542
Wed Aug 14 12:38:59 +0000 2013,-82.00685552,33.40274312
Wed Aug 14 12:38:59 +0000 2013,-44.4792168,-23.0041733
Wed Aug 14 12:38:59 +0000 2013,104.91483435,-4.84053609
Wed Aug 14 12:39:00 +0000 2013,29.02673678,41.02064229
Wed Aug 14 12:39:00 +0000 2013,112.68868,-7.43439
Wed Aug 14 12:39:00 +0000 2013,-4.29939346,55.89649365
Wed Aug 14 12:39:00 +0000 2013,-4.29939346,55.89649365
Wed Aug 14 12:39:02 +0000 2013,106.60638394,-6.17861667
Wed Aug 14 12:39:04 +0000 2013,107.6242,-6.90796
Wed Aug 14 12:39:06 +0000 2013,3.45079843,6.43574466
Wed Aug 14 12:39:06 +0000 2013,106.8575521,-6.2406247
Wed Aug 14 12:39:08 +0000 2013,-75.6188,6.15088
Wed Aug 14 12:39:09 +0000 2013,-3.06428902,53.02134702
Wed Aug 14 12:39:11 +0000 2013,-96.8447633,32.64379699
Wed Aug 14 12:39:14 +0000 2013,29.06879719,41.02063711
Wed Aug 14 12:39:15 +0000 2013,-74.09303505,41.46187757
Wed Aug 14 12:39:16 +0000 2013,-84.31925053,37.77629317
Wed Aug 14 12:39:17 +0000 2013,105.26994805,-5.42280515
Wed Aug 14 12:39:17 +0000 2013,30.70625353,36.9056866
Wed Aug 14 12:39:19 +0000 2013,-64.2252429,8.8826195
Wed Aug 14 12:39:20 +0000 2013,19.91438134,39.54307961
Wed Aug 14 12:39:22 +0000 2013,-73.96771,40.8013401
Wed Aug 14 12:39:22 +0000 2013,-84.48109607,34.11661716
Wed Aug 14 12:39:23 +0000 2013,106.8714385,-6.1231465
Wed Aug 14 12:39:24 +0000 2013,-74.06091685,40.93542669
Wed Aug 14 12:39:26 +0000 2013,-62.2662878,-38.7810911
Wed Aug 14 12:39:26 +0000 2013,28.8294037,41.0066677
Wed Aug 14 12:39:31 +0000 2013,-2.254426,53.38545725
Wed Aug 14 12:39:31 +0000 2013,106.8449,-6.66169
Wed Aug 14 12:39:32 +0000 2013,107.7604768,-7.0486399
Wed Aug 14 12:39:32 +0000 2013,135.82346284,34.68251301
Wed Aug 14 12:39:33 +0000 2013,2.35305771,48.90341857
Wed Aug 14 12:39:38 +0000 2013,110.8123391,-7.443675
Wed Aug 14 12:39:38 +0000 2013,-0.8754573,41.6512002
Wed Aug 14 12:39:42 +0000 2013,110.3901813,-7.77478
Wed Aug 14 12:39:43 +0000 2013,-51.06930923,0.04475969
Wed Aug 14 12:39:43 +0000 2013,107.5397309,-7.0266129
Wed Aug 14 12:39:44 +0000 2013,-0.09403175,51.51213967
Wed Aug 14 12:39:45 +0000 2013,39.18371746,51.66104958
Wed Aug 14 12:39:45 +0000 2013,90.4016648,23.8599016
Wed Aug 14 12:39:46 +0000 2013,110.46459048,-6.96771238
Wed Aug 14 12:39:46 +0000 2013,-2.79786421,54.09321988
Wed Aug 14 12:39:51 +0000 2013,101.4618363,3.0208441
Wed Aug 14 12:39:52 +0000 2013,-1.68783321,54.99341803
Wed Aug 14 12:39:52 +0000 2013,-8.4011952,41.1555762
Wed Aug 14 12:39:53 +0000 2013,106.8887685,-6.2037785
Wed Aug 14 12:39:55 +0000 2013,55.39396683,25.33900923
Wed Aug 14 12:39:57 +0000 2013,-46.64766092,-23.49296237
Wed Aug 14 12:39:57 +0000 2013,105.19809,-5.38597294
Wed Aug 14 12:39:58 +0000 2013,98.68188,3.5819
Wed Aug 14 12:40:00 +0000 2013,-54.57733734,-16.46663204
Wed Aug 14 12:40:05 +0000 2013,100.54734707,13.91806166
Wed Aug 14 12:40:05 +0000 2013,13.36888889,54.085
Wed Aug 14 12:40:06 +0000 2013,107.18585,-6.1702
Wed Aug 14 12:40:08 +0000 2013,-58.69054,-34.50012
Wed Aug 14 12:40:09 +0000 2013,48.0303619,29.34982599
Wed Aug 14 12:40:09 +0000 2013,1.8083276,41.2385845
Wed Aug 14 12:40:10 +0000 2013,-119.19023628,46.2242225
Wed Aug 14 12:40:10 +0000 2013,-88.2263508,41.5210567
Wed Aug 14 12:40:12 +0000 2013,16.39900994,48.2167612
Wed Aug 14 12:40:12 +0000 2013,-51.1430624,-29.8274531
Wed Aug 14 12:40:15 +0000 2013,-93.31943202,44.95366784
Wed Aug 14 12:40:17 +0000 2013,-76.6173918,39.2903793
Wed Aug 14 12:40:17 +0000 2013,-82.8591506,43.67895627
Wed Aug 14 12:40:18 +0000 2013,-0.57385907,44.87252706
Wed Aug 14 12:40:19 +0000 2013,2.5296869,48.965152
Wed Aug 14 12:40:21 +0000 2013,-70.73451765,-33.26321171
Wed Aug 14 12:40:21 +0000 2013,107.5867786,-6.9258778
Wed Aug 14 12:40:23 +0000 2013,106.79875,-6.4713
Wed Aug 14 12:40:27 +0000 2013,-3.8131635,43.4636331
Wed Aug 14 12:40:30 +0000 2013,-74.16779869,40.73500067
Wed Aug 14 12:40:33 +0000 2013,-6.2293587,36.599186
Wed Aug 14 12:40:36 +0000 2013,-2.16125028,53.40560211
Wed Aug 14 12:40:37 +0000 2013,121.39822521,31.13380625
Wed Aug 14 12:40:41 +0000 2013,72.1581346,21.7232096
Wed Aug 14 12:40:41 +0000 2013,33.6085849,44.84134461
Wed Aug 14 12:40:41 +0000 2013,-85.71610466,42.23405633
Wed Aug 14 12:40:42 +0000 2013,103.7319482,1.3768672
Wed Aug 14 12:40:44 +0000 2013,-6.27295546,53.38727373
Wed Aug 14 12:40:45 +0000 2013,100.61332388,14.04526676
Wed Aug 14 12:40:47 +0000 2013,27.40043073,38.61608171
Wed Aug 14 12:40:48 +0000 2013,34.62605808,31.78805096
Wed Aug 14 12:40:48 +0000 2013,107.55920746,-6.9507472
Wed Aug 14 12:40:49 +0000 2013,102.1133836,14.9733038
Wed Aug 14 12:40:50 +0000 2013,111.1304035,-7.366165
Wed Aug 14 12:40:50 +0000 2013,139.28813338,35.52390039
Wed Aug 14 12:40:52 +0000 2013,115.224685,-8.6971464
Wed Aug 14 12:40:55 +0000 2013,26.4048275,40.15121189
Wed Aug 14 12:41:00 +0000 2013,31.3650505,36.7964361
Wed Aug 14 12:41:01 +0000 2013,106.7083729,-6.3273839
Wed Aug 14 12:41:04 +0000 2013,13.20307296,-8.8924809
Wed Aug 14 12:41:04 +0000 2013,109.12611154,-7.53671585
Wed Aug 14 12:41:05 +0000 2013,-49.1445231,-26.9355504
Wed Aug 14 12:41:08 +0000 2013,-83.14566932,42.48388756
Wed Aug 14 12:41:08 +0000 2013,5.43141039,43.52829899
Wed Aug 14 12:41:10 +0000 2013,32.84242046,39.9344016
Wed Aug 14 12:41:10 +0000 2013,121.0272196,14.5767188
Wed Aug 14 12:41:10 +0000 2013,46.80599835,24.7288462
Wed Aug 14 12:41:13 +0000 2013,104.8328598,-3.3876255
Wed Aug 14 12:41:14 +0000 2013,99.01400418,18.79220002
Wed Aug 14 12:41:14 +0000 2013,27.05174158,38.393601
Wed Aug 14 12:41:14 +0000 2013,100.4170088,5.386552
Wed Aug 14 12:41:17 +0000 2013,112.5773099,-7.38999105
Wed Aug 14 12:41:18 +0000 2013,124.8419,1.4749
Wed Aug 14 12:41:18 +0000 2013,137.01519728,36.7411625
Wed Aug 14 12:41:18 +0000 2013,106.95227,-6.36312
Wed Aug 14 12:41:21 +0000 2013,6.1353382,49.36181266
Wed Aug 14 12:41:21 +0000 2013,101.125278,4.5918627
Wed Aug 14 12:41:21 +0000 2013,106.86114,-6.29841647
Wed Aug 14 12:41:22 +0000 2013,35.50541803,38.73207405
Wed Aug 14 12:41:23 +0000 2013,-81.46718502,28.47355783
Wed Aug 14 12:41:25 +0000 2013,-94.76013237,41.44755418
Wed Aug 14 12:41:26 +0000 2013,-37.0498141,-8.419571
Wed Aug 14 12:41:26 +0000 2013,137.87237705,37.04826151
Wed Aug 14 12:41:29 +0000 2013,-43.0904867,-22.8339123
Wed Aug 14 12:41:29 +0000 2013,106.67409,-6.2329
Wed Aug 14 12:41:29 +0000 2013,-8.675131,42.4343803
Wed Aug 14 12:41:29 +0000 2013,124.8503946,1.5223144
Wed Aug 14 12:41:30 +0000 2013,4.8599141,45.7606123
Wed Aug 14 12:41:32 +0000 2013,60.52200948,56.87404232
Wed Aug 14 12:41:32 +0000 2013,112.62943,-7.92758
Wed Aug 14 12:41:33 +0000 2013,116.82592034,-1.27680819
Wed Aug 14 12:41:33 +0000 2013,110.85941,-7.55419
Wed Aug 14 12:41:33 +0000 2013,107.92846,-6.6956
Wed Aug 14 12:41:33 +0000 2013,30.31972647,59.92758731
Wed Aug 14 12:41:34 +0000 2013,2.28642559,48.89357059
Wed Aug 14 12:41:37 +0000 2013,2.51237998,49.55149816
Wed Aug 14 12:41:37 +0000 2013,28.95947815,41.02444761
Wed Aug 14 12:41:40 +0000 2013,127.1941793,37.2329597
Wed Aug 14 12:41:42 +0000 2013,-2.45670843,52.73048819
Wed Aug 14 12:41:42 +0000 2013,-0.12583271,50.83706273
Wed Aug 14 12:41:42 +0000 2013,30.25351443,60.10859324
Wed Aug 14 12:41:42 +0000 2013,109.50201,-7.60858
Wed Aug 14 12:41:44 +0000 2013,8.49898696,50.55580894
Wed Aug 14 12:41:44 +0000 2013,-39.0385908,-14.7917881
Wed Aug 14 12:41:47 +0000 2013,-98.51593132,33.88240635
Wed Aug 14 12:41:50 +0000 2013,37.84080277,40.29355869
Wed Aug 14 12:41:50 +0000 2013,-17.46989,14.6945
Wed Aug 14 12:41:52 +0000 2013,-2.17605952,53.42345237
Wed Aug 14 12:41:53 +0000 2013,2.25387222,48.72164832
Wed Aug 14 12:41:54 +0000 2013,106.80374305,-6.74397609
Wed Aug 14 12:41:54 +0000 2013,107.02786,-6.28022
Wed Aug 14 12:41:56 +0000 2013,121.45302478,31.21796173
Wed Aug 14 12:41:56 +0000 2013,120.19437,-3.00318
Wed Aug 14 12:41:56 +0000 2013,103.7976594,1.4369931
Wed Aug 14 12:41:57 +0000 2013,49.05863637,55.79868598
Wed Aug 14 12:41:58 +0000 2013,0.9985253,49.29057971
Wed Aug 14 12:41:58 +0000 2013,104.7050338,-2.9297988
Wed Aug 14 12:41:58 +0000 2013,-15.6518128,28.1454232
Wed Aug 14 12:42:01 +0000 2013,106.71722,-6.13696
Wed Aug 14 12:42:03 +0000 2013,111.6366,-2.69625
Wed Aug 14 12:42:04 +0000 2013,-43.0742421,-22.8277687
Wed Aug 14 12:42:04 +0000 2013,124.83507,1.48673
Wed Aug 14 12:42:04 +0000 2013,110.44245,-6.99126
Wed Aug 14 12:42:05 +0000 2013,-46.876221,-23.4997176
Wed Aug 14 12:42:05 +0000 2013,-3.92660484,51.62089053
Wed Aug 14 12:42:05 +0000 2013,-82.7955011,27.9836279
Wed Aug 14 12:42:05 +0000 2013,19.07624284,47.514176
Wed Aug 14 12:42:06 +0000 2013,-0.14619883,51.49709763
Wed Aug 14 12:42:06 +0000 2013,2.54260758,39.50955293
Wed Aug 14 12:42:07 +0000 2013,-2.7079714,53.32449082
Wed Aug 14 12:42:08 +0000 2013,109.14033,-6.85979
Wed Aug 14 12:42:09 +0000 2013,112.29982157,-7.81202353
Wed Aug 14 12:42:11 +0000 2013,41.21419558,25.97744262
Wed Aug 14 12:42:11 +0000 2013,-3.69132796,40.43361157
Wed Aug 14 12:42:12 +0000 2013,109.4919686,-7.0802487
Wed Aug 14 12:42:14 +0000 2013,110.36230128,-7.74956278
Wed Aug 14 12:42:15 +0000 2013,2.38121579,48.86102869
Wed Aug 14 12:42:15 +0000 2013,29.05225039,41.08360498
Wed Aug 14 12:42:18 +0000 2013,106.966,-6.30392
Wed Aug 14 12:42:19 +0000 2013,-3.8986231,37.774823
Wed Aug 14 12:42:20 +0000 2013,-5.55773011,33.88900142
Wed Aug 14 12:42:21 +0000 2013,-123.0847899,49.24970602
Wed Aug 14 12:42:22 +0000 2013,-58.43893,-34.61892
Wed Aug 14 12:42:24 +0000 2013,114.01942061,4.47923021
Wed Aug 14 12:42:26 +0000 2013,119.53187185,-5.10513127
Wed Aug 14 12:42:30 +0000 2013,-3.255684,51.526321
Wed Aug 14 12:42:34 +0000 2013,-0.12327245,51.45728321
Wed Aug 14 12:42:35 +0000 2013,108.27699,-6.44778
Wed Aug 14 12:42:36 +0000 2013,153.04638574,-27.35420055
Wed Aug 14 12:42:37 +0000 2013,110.81689,-7.55141
Wed Aug 14 12:42:39 +0000 2013,106.79921,-6.22573
Wed Aug 14 12:42:40 +0000 2013,-3.64558813,40.39097832
Wed Aug 14 12:42:41 +0000 2013,-99.3432451,19.4421379
Wed Aug 14 12:42:41 +0000 2013,107.532584,-6.881481
Wed Aug 14 12:42:44 +0000 2013,-49.91504704,-6.08272905
Wed Aug 14 12:42:48 +0000 2013,107.63164,-6.91086
Wed Aug 14 12:42:51 +0000 2013,100.50605312,13.82252377
Wed Aug 14 12:42:51 +0000 2013,-116.97228475,32.85715555
Wed Aug 14 12:42:51 +0000 2013,106.9202,-6.15667
Wed Aug 14 12:42:53 +0000 2013,-0.1221584,38.6536573
Wed Aug 14 12:42:55 +0000 2013,-73.92181037,40.68300094
Wed Aug 14 12:42:55 +0000 2013,29.00587276,41.06850519
Wed Aug 14 12:42:55 +0000 2013,29.27570713,40.6580014
Wed Aug 14 12:42:57 +0000 2013,47.9897352,29.3091054
Wed Aug 14 12:42:57 +0000 2013,110.41205081,-6.99356651
Wed Aug 14 12:42:57 +0000 2013,110.4656876,-7.0177101
Wed Aug 14 12:42:58 +0000 2013,-81.16409348,34.01376926
Wed Aug 14 12:42:58 +0000 2013,112.75046399,-7.26178506
Wed Aug 14 12:43:00 +0000 2013,-74.20556285,4.71561703
Wed Aug 14 12:43:02 +0000 2013,42.5398459,17.2692191
Wed Aug 14 12:43:02 +0000 2013,-59.62852,13.14648
Wed Aug 14 12:43:03 +0000 2013,-3.00993943,53.82746585
Wed Aug 14 12:43:05 +0000 2013,-43.3358977,-22.7032898
Wed Aug 14 12:43:06 +0000 2013,-47.22801526,-22.87755173
Wed Aug 14 12:43:09 +0000 2013,-118.44225507,33.99059314
Wed Aug 14 12:43:10 +0000 2013,-75.56666616,6.19851157
Wed Aug 14 12:43:12 +0000 2013,32.3018929,31.26371343
Wed Aug 14 12:43:12 +0000 2013,-0.9712927,51.45820802
Wed Aug 14 12:43:13 +0000 2013,121.00463901,14.55957682
Wed Aug 14 12:43:14 +0000 2013,-46.65059135,-23.54782173
Wed Aug 14 12:43:16 +0000 2013,100.64592195,13.83400834
Wed Aug 14 12:43:19 +0000 2013,106.6777,-6.21513
Wed Aug 14 12:43:22 +0000 2013,-93.22948703,18.28511069
Wed Aug 14 12:43:23 +0000 2013,106.8150776,-6.1632944
Wed Aug 14 12:43:25 +0000 2013,-74.00627089,40.7231259
Wed Aug 14 12:43:25 +0000 2013,103.77025975,1.38333958
Wed Aug 14 12:43:26 +0000 2013,-43.0747598,-22.8319334
Wed Aug 14 12:43:26 +0000 2013,-147.7883731,64.83378885
Wed Aug 14 12:43:27 +0000 2013,107.51634,-6.37481
Wed Aug 14 12:43:27 +0000 2013,106.8971533,-6.2313079
Wed Aug 14 12:43:28 +0000 2013,42.5416049,17.270601
Wed Aug 14 12:43:28 +0000 2013,95.32379,5.51213
Wed Aug 14 12:43:28 +0000 2013,28.7118659,40.9885192
Wed Aug 14 12:43:28 +0000 2013,101.7770286,2.9643687
Wed Aug 14 12:43:29 +0000 2013,-66.03765552,18.37441108
Wed Aug 14 12:43:30 +0000 2013,112.72113,-7.26658
Wed Aug 14 12:43:31 +0000 2013,49.6546493,53.4632244
Wed Aug 14 12:43:31 +0000 2013,28.84716644,40.22545403
Wed Aug 14 12:43:32 +0000 2013,106.87235,-6.27495
Wed Aug 14 12:43:33 +0000 2013,134.93349199,34.68101785
Wed Aug 14 12:43:37 +0000 2013,31.26796554,29.96932375
Wed Aug 14 12:43:37 +0000 2013,29.08111423,40.97987115
Wed Aug 14 12:43:37 +0000 2013,0.0,0.0
Wed Aug 14 12:43:37 +0000 2013,113.21451223,-8.13234864
Wed Aug 14 12:43:38 +0000 2013,-1.0942422,40.3673638
Wed Aug 14 12:43:40 +0000 2013,-70.68681374,19.45888696
Wed Aug 14 12:43:41 +0000 2013,-76.89990637,38.9378984
Wed Aug 14 12:43:42 +0000 2013,106.6561842,-6.1661787
Wed Aug 14 12:43:44 +0000 2013,-73.88233659,40.86486486
Wed Aug 14 12:43:44 +0000 2013,-119.15059852,34.20813773
Wed Aug 14 12:43:44 +0000 2013,-8.47002716,51.90159405
Wed Aug 14 12:43:44 +0000 2013,6.9640878,43.56206522
Wed Aug 14 12:43:44 +0000 2013,135.23659253,34.3575366
Wed Aug 14 12:43:45 +0000 2013,-87.24583511,14.09358775
Wed Aug 14 12:43:45 +0000 2013,5.0774683,45.71052238
Wed Aug 14 12:43:47 +0000 2013,-69.84055963,18.49336728
Wed Aug 14 12:43:48 +0000 2013,5.32948208,51.68302091
Wed Aug 14 12:43:50 +0000 2013,-70.7735,19.5274318
Wed Aug 14 12:43:50 +0000 2013,-87.76845725,41.9815729
Wed Aug 14 12:43:56 +0000 2013,28.95929575,40.24982389
Wed Aug 14 12:43:58 +0000 2013,119.42723,-5.17447
Wed Aug 14 12:43:58 +0000 2013,139.75048796,35.84185146
Wed Aug 14 12:43:58 +0000 2013,-57.95115578,-34.91037221
Wed Aug 14 12:44:00 +0000 2013,-81.42272967,28.50798969
Wed Aug 14 12:44:01 +0000 2013,-71.51279029,-31.91121018
Wed Aug 14 12:44:01 +0000 2013,28.36541176,37.20982383
Wed Aug 14 12:44:02 +0000 2013,-95.47029027,30.06338837
Wed Aug 14 12:44:04 +0000 2013,106.8846627,-6.3057615
Wed Aug 14 12:44:04 +0000 2013,0.11981373,51.62183323
Wed Aug 14 12:44:05 +0000 2013,-37.3346072,-5.2105524
Wed Aug 14 12:44:05 +0000 2013,111.0599169,-6.8690432
Wed Aug 14 12:44:05 +0000 2013,138.5610715,37.3667156
Wed Aug 14 12:44:06 +0000 2013,122.567714,10.7153416
Wed Aug 14 12:44:10 +0000 2013,115.20374,-8.78668
Wed Aug 14 12:44:10 +0000 2013,110.38542,-7.75041
Wed Aug 14 12:44:11 +0000 2013,127.0510162,37.674038
Wed Aug 14 12:44:12 +0000 2013,100.92475,13.28578
Wed Aug 14 12:44:12 +0000 2013,121.03380293,14.67194629
Wed Aug 14 12:44:12 +0000 2013,114.49074601,-1.13534684
Wed Aug 14 12:44:12 +0000 2013,-49.2507081,-25.43308661
Wed Aug 14 12:44:13 +0000 2013,-48.36351698,-25.58336809
Wed Aug 14 12:44:13 +0000 2013,110.4192996,-6.9742665
Wed Aug 14 12:44:15 +0000 2013,28.6299387,41.0097023
Wed Aug 14 12:44:15 +0000 2013,1.53061963,38.98316775
Wed Aug 14 12:44:16 +0000 2013,2.3006224,48.9120765
Wed Aug 14 12:44:17 +0000 2013,110.16504,-7.86624
Wed Aug 14 12:44:20 +0000 2013,-89.46710701,31.316214
Wed Aug 14 12:44:20 +0000 2013,106.8306085,-6.4244015
Wed Aug 14 12:44:23 +0000 2013,-47.88632758,-15.74345418
Wed Aug 14 12:44:23 +0000 2013,112.73501824,-7.30957668
Wed Aug 14 12:44:23 +0000 2013,104.7701089,-2.995939
Wed Aug 14 12:44:24 +0000 2013,115.2694244,-8.6235365
Wed Aug 14 12:44:25 +0000 2013,109.97574,-1.83589
Wed Aug 14 12:44:26 +0000 2013,100.53123454,13.75048709
Wed Aug 14 12:44:27 +0000 2013,-83.92437455,33.86827302
Wed Aug 14 12:44:28 +0000 2013,106.82961,-6.23337
Wed Aug 14 12:44:29 +0000 2013,47.95599008,29.27070589
Wed Aug 14 12:44:29 +0000 2013,-5.99629,37.3826
Wed Aug 14 12:44:31 +0000 2013,-47.8850265,-15.7888924
Wed Aug 14 12:44:31 +0000 2013,107.0378351,-6.2071955
Wed Aug 14 12:44:33 +0000 2013,112.6173045,-7.9544987
Wed Aug 14 12:44:34 +0000 2013,76.7625181,9.2551252
Wed Aug 14 12:44:35 +0000 2013,-71.74369,8.33505
Wed Aug 14 12:44:35 +0000 2013,-73.94372273,40.74727491
Wed Aug 14 12:44:38 +0000 2013,111.4672867,-7.8657615
Wed Aug 14 12:44:39 +0000 2013,6.63962517,52.0738244
Wed Aug 14 12:44:39 +0000 2013,-76.52990341,39.24767561
Wed Aug 14 12:44:40 +0000 2013,-2.1507719,57.16616495
Wed Aug 14 12:44:40 +0000 2013,142.4005459,43.743147
Wed Aug 14 12:44:41 +0000 2013,-84.21342714,36.29815221
Wed Aug 14 12:44:43 +0000 2013,115.1748133,-8.720427
Wed Aug 14 12:44:44 +0000 2013,-82.2391997,41.4353928
Wed Aug 14 12:44:46 +0000 2013,-43.36484886,-22.80667798
Wed Aug 14 12:44:46 +0000 2013,106.62323586,-6.24936663
Wed Aug 14 12:44:49 +0000 2013,121.4149,14.28472
Wed Aug 14 12:44:50 +0000 2013,-77.04429125,38.99493082
Wed Aug 14 12:44:50 +0000 2013,102.22313,2.21376
Wed Aug 14 12:44:55 +0000 2013,-5.6536625,40.9681227
Wed Aug 14 12:44:55 +0000 2013,28.6693449,41.0339696
Wed Aug 14 12:44:57 +0000 2013,-88.23602297,42.01607472
Wed Aug 14 12:44:58 +0000 2013,0,0
Wed Aug 14 12:44:58 +0000 2013,106.92137,-6.26033
Wed Aug 14 12:44:59 +0000 2013,31.0414773,36.85654322
Wed Aug 14 12:44:59 +0000 2013,31.3386634,30.07115229
Wed Aug 14 12:44:59 +0000 2013,-69.42438,18.42533
Wed Aug 14 12:45:00 +0000 2013,28.9065,41.05458
Wed Aug 14 12:45:01 +0000 2013,-75.73914538,37.67481958
Wed Aug 14 12:45:02 +0000 2013,-1.64797744,54.95839045
Wed Aug 14 12:45:03 +0000 2013,-43.9291613,-19.8522246
Wed Aug 14 12:45:04 +0000 2013,-46.5484107,-23.4658625
Wed Aug 14 12:45:04 +0000 2013,-6.41702097,53.4027194
Wed Aug 14 12:45:04 +0000 2013,-6.237823,36.5917801
Wed Aug 14 12:45:06 +0000 2013,121.05893364,14.59210674
Wed Aug 14 12:45:06 +0000 2013,103.4116559,4.7341103
Wed Aug 14 12:45:06 +0000 2013,120.5962542,18.28589429
Wed Aug 14 12:45:07 +0000 2013,139.158196,36.4250801
Wed Aug 14 12:45:10 +0000 2013,-76.48781,3.43783
Wed Aug 14 12:45:10 +0000 2013,28.90991057,41.01067003
Wed Aug 14 12:45:13 +0000 2013,-94.84723021,44.26786934
Wed Aug 14 12:45:13 +0000 2013,27.97405697,37.03097105
Wed Aug 14 12:45:16 +0000 2013,-51.18580945,-29.91525637
Wed Aug 14 12:45:16 +0000 2013,107.57693,-6.91447
Wed Aug 14 12:45:17 +0000 2013,110.3632,-7.80304
Wed Aug 14 12:45:22 +0000 2013,103.8810998,17.3266912
Wed Aug 14 12:45:24 +0000 2013,106.9299281,-6.32446845
Wed Aug 14 12:45:27 +0000 2013,106.94056,-6.20689
Wed Aug 14 12:45:28 +0000 2013,121.05700893,14.58848364
Wed Aug 14 12:45:29 +0000 2013,113.14373,-8.17991
Wed Aug 14 12:45:31 +0000 2013,106.0530563,-6.0159337
Wed Aug 14 12:45:31 +0000 2013,103.78760648,1.43196611
Wed Aug 14 12:45:34 +0000 2013,-77.19866332,38.79960919
Wed Aug 14 12:45:34 +0000 2013,12.3330654,45.44561553
Wed Aug 14 12:45:34 +0000 2013,0.11895527,52.20518705
Wed Aug 14 12:45:34 +0000 2013,0.11895527,52.20518705
Wed Aug 14 12:45:35 +0000 2013,11.9732396,57.87118764
Wed Aug 14 12:45:36 +0000 2013,103.88971893,1.39367642
Wed Aug 14 12:45:36 +0000 2013,99.21462,3.33608
Wed Aug 14 12:45:39 +0000 2013,-8.26317736,53.3403353
Wed Aug 14 12:45:39 +0000 2013,108.555112,-6.704986
Wed Aug 14 12:45:41 +0000 2013,-49.22049788,-25.39223805
Wed Aug 14 12:45:42 +0000 2013,-45.39444348,-22.93961129
Wed Aug 14 12:45:43 +0000 2013,-2.11163001,54.97354836
Wed Aug 14 12:45:44 +0000 2013,4.74562867,51.58564017
Wed Aug 14 12:45:46 +0000 2013,-81.80881039,41.23660936
Wed Aug 14 12:45:48 +0000 2013,106.82022,-6.39123
Wed Aug 14 12:45:48 +0000 2013,107.0294689,-6.3154255
Wed Aug 14 12:45:52 +0000 2013,-8.8312416,41.9384754
Wed Aug 14 12:45:53 +0000 2013,-70.63661763,-33.44547414
Wed Aug 14 12:45:55 +0000 2013,-95.28447748,29.60712028
Wed Aug 14 12:45:55 +0000 2013,-8.6408996,42.4280658
Wed Aug 14 12:45:55 +0000 2013,109.15778,-6.98862
Wed Aug 14 12:45:56 +0000 2013,-48.2584093,-18.909465
Wed Aug 14 12:45:56 +0000 2013,110.84252,-6.7631044
Wed Aug 14 12:45:57 +0000 2013,100.40982,-0.26964
Wed Aug 14 12:45:59 +0000 2013,-3.79502183,40.37833467
Wed Aug 14 12:46:02 +0000 2013,107.6274329,-6.9412613
Wed Aug 14 12:46:02 +0000 2013,106.79097,-6.17663
Wed Aug 14 12:46:03 +0000 2013,141.49790451,43.06800169
Wed Aug 14 12:46:04 +0000 2013,4.93169983,52.71268495
Wed Aug 14 12:46:04 +0000 2013,-59.9822044,-3.0656933
Wed Aug 14 12:46:04 +0000 2013,-79.5286507,43.7724668
Wed Aug 14 12:46:05 +0000 2013,-76.53303584,39.38230414
Wed Aug 14 12:46:08 +0000 2013,103.32260943,1.8378957
Wed Aug 14 12:46:10 +0000 2013,100.32089969,5.39617356
Wed Aug 14 12:46:10 +0000 2013,-87.84075219,41.88646322
Wed Aug 14 12:46:10 +0000 2013,112.70777,-7.35097
Wed Aug 14 12:46:11 +0000 2013,-74.03993298,4.71538004
Wed Aug 14 12:46:11 +0000 2013,120.98272873,14.3983668
Wed Aug 14 12:46:13 +0000 2013,-71.4617104,42.733785
Wed Aug 14 12:46:13 +0000 2013,113.91182,-2.20227
Wed Aug 14 12:46:15 +0000 2013,-2.74656323,53.7253034
Wed Aug 14 12:46:15 +0000 2013,34.57118436,36.77233871
Wed Aug 14 12:46:15 +0000 2013,1.0739564,49.4276872
Wed Aug 14 12:46:16 +0000 2013,-16.54908784,28.41619204
Wed Aug 14 12:46:16 +0000 2013,97.14941,5.18516
Wed Aug 14 12:46:16 +0000 2013,101.3847,0.46174
Wed Aug 14 12:46:17 +0000 2013,138.35726654,34.91791234
Wed Aug 14 12:46:18 +0000 2013,50.0009459,26.5128265
Wed Aug 14 12:46:18 +0000 2013,-72.08687696,-36.59376388
Wed Aug 14 12:46:18 +0000 2013,110.8631,-6.79726
Wed Aug 14 12:46:19 +0000 2013,106.723,-6.21491
Wed Aug 14 12:46:19 +0000 2013,106.99155,-6.21883
Wed Aug 14 12:46:20 +0000 2013,121.02417148,14.50205727
Wed Aug 14 12:46:20 +0000 2013,37.61392318,55.7702914
Wed Aug 14 12:46:20 +0000 2013,139.8680344,35.80940779
Wed Aug 14 12:46:21 +0000 2013,104.03152,1.13251
Wed Aug 14 12:46:22 +0000 2013,2.40473308,48.89157231
Wed Aug 14 12:46:22 +0000 2013,139.70828852,35.66695236
Wed Aug 14 12:46:24 +0000 2013,-77.62726068,44.2000831
Wed Aug 14 12:46:24 +0000 2013,-3.98042546,5.29921624
Wed Aug 14 12:46:24 +0000 2013,-3.53326397,39.89051397
Wed Aug 14 12:46:24 +0000 2013,115.22000678,-8.65587978
Wed Aug 14 12:46:25 +0000 2013,30.205037,59.8571177
Wed Aug 14 12:46:25 +0000 2013,103.15036488,5.32898521
Wed Aug 14 12:46:26 +0000 2013,140.88218558,38.26524728
Wed Aug 14 12:46:26 +0000 2013,121.02188075,14.55483641
Wed Aug 14 12:46:26 +0000 2013,100.95429033,4.35443594
Wed Aug 14 12:46:28 +0000 2013,9.11418378,42.48957386
Wed Aug 14 12:46:29 +0000 2013,110.41297,-7.01164
Wed Aug 14 12:46:30 +0000 2013,-43.34789221,-21.77231088
Wed Aug 14 12:46:32 +0000 2013,-54.73319893,-2.46053218
Wed Aug 14 12:46:33 +0000 2013,-1.41408338,50.9090393
Wed Aug 14 12:46:33 +0000 2013,111.0938916,-8.2018991
Wed Aug 14 12:46:34 +0000 2013,-53.7432248,-27.3546755
Wed Aug 14 12:46:36 +0000 2013,-5.00568553,36.47721729
Wed Aug 14 12:46:38 +0000 2013,48.01568222,29.32133484
Wed Aug 14 12:46:38 +0000 2013,106.7721882,-6.3879705
Wed Aug 14 12:46:44 +0000 2013,112.756,-7.2579
Wed Aug 14 12:46:44 +0000 2013,119.8621036,-0.9022821
Wed Aug 14 12:46:45 +0000 2013,130.42457521,33.56193279
Wed Aug 14 12:46:46 +0000 2013,106.8255918,-6.5400143
Wed Aug 14 12:46:47 +0000 2013,115.1743129,-8.7175613
Wed Aug 14 12:46:47 +0000 2013,109.2454577,-7.417917
Wed Aug 14 12:46:47 +0000 2013,100.6532857,4.2101342
Wed Aug 14 12:46:48 +0000 2013,101.783374,3.1251894
Wed Aug 14 12:46:48 +0000 2013,112.74769,-7.29598
Wed Aug 14 12:46:48 +0000 2013,103.3080119,2.007614
Wed Aug 14 12:46:49 +0000 2013,101.65930887,3.25688282
Wed Aug 14 12:46:50 +0000 2013,-55.89956541,-27.3541329
Wed Aug 14 12:46:50 +0000 2013,106.3119495,-6.1522315
Wed Aug 14 12:46:50 +0000 2013,36.83710022,-1.31870623
Wed Aug 14 12:46:51 +0000 2013,-40.8125955,-21.0149179
Wed Aug 14 12:46:51 +0000 2013,-6.31633498,53.33484672
Wed Aug 14 12:46:51 +0000 2013,113.0886,-8.10118
Wed Aug 14 12:46:51 +0000 2013,106.84361723,-6.47799985
Wed Aug 14 12:46:51 +0000 2013,-4.86602955,55.79462858
Wed Aug 14 12:46:52 +0000 2013,101.4726472,3.2955821
Wed Aug 14 12:46:55 +0000 2013,-1.46204633,53.56203348
Wed Aug 14 12:46:57 +0000 2013,-0.81694672,51.75142079
Wed Aug 14 12:46:57 +0000 2013,106.82387,-6.1336
Wed Aug 14 12:46:58 +0000 2013,112.2364217,-8.1287669
Wed Aug 14 12:47:00 +0000 2013,120.9747912,14.6873418
Wed Aug 14 12:47:00 +0000 2013,103.6656898,1.5370251
Wed Aug 14 12:47:00 +0000 2013,110.97297304,-7.51109993
Wed Aug 14 12:47:02 +0000 2013,106.95857,-6.36532
Wed Aug 14 12:47:03 +0000 2013,-3.33336264,57.64300813
Wed Aug 14 12:47:04 +0000 2013,-42.5891581,-19.546771
Wed Aug 14 12:47:04 +0000 2013,-1.46204633,53.56203348
Wed Aug 14 12:47:05 +0000 2013,106.6307788,-6.1777086
Wed Aug 14 12:47:06 +0000 2013,25.23243058,37.12212026
Wed Aug 14 12:47:06 +0000 2013,35.89747252,41.56529162
Wed Aug 14 12:47:07 +0000 2013,98.95383617,18.79815854
Wed Aug 14 12:47:08 +0000 2013,-6.92617653,37.27534635
Wed Aug 14 12:47:08 +0000 2013,135.0996076,34.6843685
Wed Aug 14 12:47:09 +0000 2013,106.72787454,-6.31097495
Wed Aug 14 12:47:10 +0000 2013,-63.83718,11.00267
Wed Aug 14 12:47:10 +0000 2013,105.29378,-5.37653
Wed Aug 14 12:47:10 +0000 2013,115.26215667,-8.69601
Wed Aug 14 12:47:12 +0000 2013,109.25327815,0.02731852
Wed Aug 14 12:47:13 +0000 2013,-44.11037461,-22.52103153
Wed Aug 14 12:47:13 +0000 2013,-52.27979773,4.91687914
Wed Aug 14 12:47:13 +0000 2013,121.27151328,14.5622243
Wed Aug 14 12:47:13 +0000 2013,109.672048,-6.8921589
Wed Aug 14 12:47:13 +0000 2013,-95.33544052,29.98380459
Wed Aug 14 12:47:13 +0000 2013,3.10629516,42.51649096
Wed Aug 14 12:47:14 +0000 2013,112.64667,-7.37597
Wed Aug 14 12:47:15 +0000 2013,-4.51724526,55.60270977
Wed Aug 14 12:47:15 +0000 2013,120.98247235,14.57861542
Wed Aug 14 12:47:15 +0000 2013,104.73911,-2.97265
Wed Aug 14 12:47:17 +0000 2013,29.05321308,41.0089
Wed Aug 14 12:47:17 +0000 2013,28.6693469,41.0339704
Wed Aug 14 12:47:18 +0000 2013,104.73677393,-2.98026473
Wed Aug 14 12:47:19 +0000 2013,105.2775,-5.41734
Wed Aug 14 12:47:20 +0000 2013,-44.2429513,-2.5309252
Wed Aug 14 12:47:20 +0000 2013,135.66824784,34.80378955
Wed Aug 14 12:47:23 +0000 2013,-8.62566662,52.66249847
Wed Aug 14 12:47:24 +0000 2013,5.98324982,49.49483852
Wed Aug 14 12:47:24 +0000 2013,106.1972789,-6.4987053
Wed Aug 14 12:47:25 +0000 2013,-42.03040292,-22.97807011
Wed Aug 14 12:47:27 +0000 2013,-5.8817209,54.6012752
Wed Aug 14 12:47:27 +0000 2013,0.43790535,51.32648339
Wed Aug 14 12:47:27 +0000 2013,-1.29234268,38.12720824
Wed Aug 14 12:47:27 +0000 2013,108.1843278,-6.7539074
Wed Aug 14 12:47:28 +0000 2013,34.5838879,36.7937897
Wed Aug 14 12:47:28 +0000 2013,-70.70822,19.46143
Wed Aug 14 12:47:28 +0000 2013,33.7054428,67.6517394
Wed Aug 14 12:47:30 +0000 2013,20.13877956,54.67904325
Wed Aug 14 12:47:30 +0000 2013,48.067836,29.303507
Wed Aug 14 12:47:30 +0000 2013,100.6641499,4.2037252
Wed Aug 14 12:47:31 +0000 2013,-0.21191667,49.05694354
Wed Aug 14 12:47:31 +0000 2013,-58.54158,-34.45768
Wed Aug 14 12:47:33 +0000 2013,-76.5374769,3.4226103
Wed Aug 14 12:47:35 +0000 2013,114.3215838,-8.2731741
Wed Aug 14 12:47:37 +0000 2013,107.0125501,-6.1860605
Wed Aug 14 12:47:38 +0000 2013,-95.4700037,30.06328066
Wed Aug 14 12:47:38 +0000 2013,28.9421902,41.0101221
Wed Aug 14 12:47:40 +0000 2013,3.17896321,50.75127506
Wed Aug 14 12:47:40 +0000 2013,100.56643792,13.73209814
Wed Aug 14 12:47:41 +0000 2013,37.566133,55.7416293
Wed Aug 14 12:47:42 +0000 2013,20.3648962,44.8078789
Wed Aug 14 12:47:43 +0000 2013,0.55658771,50.86479892
Wed Aug 14 12:47:45 +0000 2013,26.38268312,38.25520519
Wed Aug 14 12:47:49 +0000 2013,32.8717709,39.8922642
Wed Aug 14 12:47:50 +0000 2013,107.06542,-6.24698
Wed Aug 14 12:47:54 +0000 2013,107.06025,-6.24546
Wed Aug 14 12:47:55 +0000 2013,31.3273476,30.0927745
Wed Aug 14 12:47:55 +0000 2013,3.1359228,50.7357521
Wed Aug 14 12:47:56 +0000 2013,106.80098,-6.157
Wed Aug 14 12:47:56 +0000 2013,-115.17496915,36.09964862
Wed Aug 14 12:47:57 +0000 2013,107.29956356,-6.33205539
Wed Aug 14 12:47:58 +0000 2013,-66.10053099,18.40240717
Wed Aug 14 12:47:59 +0000 2013,-0.56054859,44.83993078
Wed Aug 14 12:48:00 +0000 2013,37.68082765,55.7173802
Wed Aug 14 12:48:02 +0000 2013,-70.7355628,-34.16819811
Wed Aug 14 12:48:02 +0000 2013,106.98902,-6.18361
Wed Aug 14 12:48:04 +0000 2013,-1.09645992,52.73291555
Wed Aug 14 12:48:06 +0000 2013,-100.30898,25.7103129
Wed Aug 14 12:48:07 +0000 2013,-58.38724,-34.67331
Wed Aug 14 12:48:07 +0000 2013,110.8615271,-7.9099904
Wed Aug 14 12:48:09 +0000 2013,43.97045469,26.38010601
Wed Aug 14 12:48:09 +0000 2013,-3.7327183,40.3799411
Wed Aug 14 12:48:11 +0000 2013,-77.0861141,-12.079951
Wed Aug 14 12:48:11 +0000 2013,-72.9849278,-41.4716891
Wed Aug 14 12:48:11 +0000 2013,106.90118,-6.28754
Wed Aug 14 12:48:12 +0000 2013,-84.6367332,33.6052301
Wed Aug 14 12:48:13 +0000 2013,30.74637467,36.85811052
Wed Aug 14 12:48:14 +0000 2013,14.1687963,42.34760921
Wed Aug 14 12:48:14 +0000 2013,-118.2340729,34.05594481
Wed Aug 14 12:48:16 +0000 2013,46.80450218,24.68358186
Wed Aug 14 12:48:16 +0000 2013,145.00390271,-37.89715101
Wed Aug 14 12:48:17 +0000 2013,139.64471178,35.63164837
Wed Aug 14 12:48:18 +0000 2013,-91.87222106,30.33021549
Wed Aug 14 12:48:18 +0000 2013,111.89646,-8.06028
Wed Aug 14 12:48:21 +0000 2013,98.6724225,3.594275
Wed Aug 14 12:48:22 +0000 2013,110.3688495,-7.7903315
Wed Aug 14 12:48:23 +0000 2013,26.51819813,-33.30968417
Wed Aug 14 12:48:23 +0000 2013,-84.65374254,39.21330799
Wed Aug 14 12:48:24 +0000 2013,101.0719187,4.5511566
Wed Aug 14 12:48:26 +0000 2013,-121.91146374,37.37111215
Wed Aug 14 12:48:27 +0000 2013,142.7444449,46.9623055
Wed Aug 14 12:48:27 +0000 2013,-6.43808,36.73746
Wed Aug 14 12:48:27 +0000 2013,104.17307,-4.11714
Wed Aug 14 12:48:27 +0000 2013,-79.17427555,35.50554224
Wed Aug 14 12:48:28 +0000 2013,-4.14172685,50.37137015
Wed Aug 14 12:48:29 +0000 2013,38.1583731,40.9483804
Wed Aug 14 12:48:29 +0000 2013,106.94035,-6.25319
Wed Aug 14 12:48:32 +0000 2013,140.92311892,38.24675166
Wed Aug 14 12:48:33 +0000 2013,8.67613964,41.97454522
Wed Aug 14 12:48:35 +0000 2013,6.4345911,45.17570709
Wed Aug 14 12:48:35 +0000 2013,-87.89727554,41.97432339
Wed Aug 14 12:48:36 +0000 2013,-94.8744237,40.3296871
Wed Aug 14 12:48:40 +0000 2013,-85.6687174,38.1746239
Wed Aug 14 12:48:40 +0000 2013,112.6039197,-7.9369072
Wed Aug 14 12:48:41 +0000 2013,-72.08680673,-36.59363549
Wed Aug 14 12:48:41 +0000 2013,106.79973,-6.17164
Wed Aug 14 12:48:45 +0000 2013,2.3680788,48.7288361
Wed Aug 14 12:48:46 +0000 2013,-99.54265594,24.7956175
Wed Aug 14 12:48:46 +0000 2013,121.09677,14.62095
Wed Aug 14 12:48:46 +0000 2013,106.8024446,-6.2862688
Wed Aug 14 12:48:48 +0000 2013,107.0125501,-6.1860605
Wed Aug 14 12:48:51 +0000 2013,-0.95759989,53.60950413
Wed Aug 14 12:48:51 +0000 2013,-99.18042143,19.49296214
Wed Aug 14 12:48:51 +0000 2013,79.8733261,6.9436694
Wed Aug 14 12:48:51 +0000 2013,106.89816,-6.11166
Wed Aug 14 12:48:52 +0000 2013,139.5896741,35.4008077
Wed Aug 14 12:48:53 +0000 2013,112.435867,-7.4585858
Wed Aug 14 12:48:54 +0000 2013,101.69989,3.2409
Wed Aug 14 12:48:55 +0000 2013,98.7741681,7.74219904
Wed Aug 14 12:48:56 +0000 2013,-90.337248,38.8251093
Wed Aug 14 12:48:57 +0000 2013,-80.8486865,31.9966759
Wed Aug 14 12:48:57 +0000 2013,107.669385,-6.952484
Wed Aug 14 12:48:58 +0000 2013,7.47336,9.01278
Wed Aug 14 12:49:00 +0000 2013,110.34604,-7.81602
Wed Aug 14 12:49:00 +0000 2013,133.2871435,33.9620412
Wed Aug 14 12:49:02 +0000 2013,-35.4511666,-7.5594062
Wed Aug 14 12:49:04 +0000 2013,-48.7682468,-1.8866484
Wed Aug 14 12:49:05 +0000 2013,139.50493969,35.76100971
Wed Aug 14 12:49:07 +0000 2013,115.196051,-8.7850355
Wed Aug 14 12:49:07 +0000 2013,116.1898127,-1.9048629
Wed Aug 14 12:49:07 +0000 2013,-96.82190469,33.09967592
Wed Aug 14 12:49:11 +0000 2013,37.63220107,55.75971367
Wed Aug 14 12:49:11 +0000 2013,-2.81923846,54.07272391
Wed Aug 14 12:49:11 +0000 2013,100.9636742,4.3855911
Wed Aug 14 12:49:12 +0000 2013,-0.15109248,51.51385588
Wed Aug 14 12:49:13 +0000 2013,17.12811705,39.07896833
Wed Aug 14 12:49:13 +0000 2013,2.19722271,41.38530954
Wed Aug 14 12:49:13 +0000 2013,115.23870423,-8.66707189
Wed Aug 14 12:49:14 +0000 2013,-84.59115864,39.42728786
Wed Aug 14 12:49:14 +0000 2013,112.73479483,-7.38671905
Wed Aug 14 12:49:15 +0000 2013,2.4875,48.88339
Wed Aug 14 12:49:16 +0000 2013,34.7302222,38.375928
Wed Aug 14 12:49:16 +0000 2013,-4.64178015,53.31021261
Wed Aug 14 12:49:17 +0000 2013,-66.10063976,18.40237299
Wed Aug 14 12:49:17 +0000 2013,-2.95512097,50.87058643
Wed Aug 14 12:49:19 +0000 2013,119.3934977,-5.1696961
Wed Aug 14 12:49:20 +0000 2013,40.95236506,57.79123058
Wed Aug 14 12:49:23 +0000 2013,100.3109758,-0.822264
Wed Aug 14 12:49:23 +0000 2013,114.3791127,-3.0075039
Wed Aug 14 12:49:24 +0000 2013,-90.9359321,30.2097124
Wed Aug 14 12:49:24 +0000 2013,104.73661217,-2.98019085
Wed Aug 14 12:49:26 +0000 2013,119.52661,-5.23809
Wed Aug 14 12:49:28 +0000 2013,-0.2735208,5.5458707
Wed Aug 14 12:49:29 +0000 2013,138.81560569,37.45393598
Wed Aug 14 12:49:31 +0000 2013,-4.9441726,37.3764041
Wed Aug 14 12:49:33 +0000 2013,106.74682899,-6.25642942
Wed Aug 14 12:49:33 +0000 2013,135.18000745,34.68323296
Wed Aug 14 12:49:36 +0000 2013,-3.31707798,57.64091396
Wed Aug 14 12:49:39 +0000 2013,30.50740675,39.78800341
Wed Aug 14 12:49:39 +0000 2013,106.6672835,-6.2323144
Wed Aug 14 12:49:41 +0000 2013,-89.356956,13.7203683
Wed Aug 14 12:49:41 +0000 2013,12.33306472,45.44561475
Wed Aug 14 12:49:41 +0000 2013,106.7498172,-6.2319733
Wed Aug 14 12:49:42 +0000 2013,-49.2490415,-25.4756508
Wed Aug 14 12:49:44 +0000 2013,111.9698917,-8.1635683
Wed Aug 14 12:49:44 +0000 2013,139.5785605,35.4692648
Wed Aug 14 12:49:45 +0000 2013,124.8621,1.41457
Wed Aug 14 12:49:45 +0000 2013,100.4147494,5.3269502
Wed Aug 14 12:49:45 +0000 2013,106.6118822,-6.3400912
Wed Aug 14 12:49:46 +0000 2013,103.9127854,1.4032986
Wed Aug 14 12:49:47 +0000 2013,101.5045684,6.2248833
Wed Aug 14 12:49:47 +0000 2013,121.01251289,14.57879384
Wed Aug 14 12:49:48 +0000 2013,-96.90858807,32.64745892
Wed Aug 14 12:49:48 +0000 2013,139.4320574,35.6360343
Wed Aug 14 12:49:49 +0000 2013,107.64258,-6.98477
Wed Aug 14 12:49:50 +0000 2013,-76.74484843,39.15211945
Wed Aug 14 12:49:51 +0000 2013,-42.6454734,-21.5281986
Wed Aug 14 12:49:57 +0000 2013,123.45099991,7.82592751
Wed Aug 14 12:49:58 +0000 2013,108.4677,-7.37684
Wed Aug 14 12:49:59 +0000 2013,121.1669707,14.5141052
Wed Aug 14 12:50:00 +0000 2013,-1.82166667,53.64833333
Wed Aug 14 12:50:01 +0000 2013,-81.54940093,28.37555078
Wed Aug 14 12:50:01 +0000 2013,112.68267,-7.34959
Wed Aug 14 12:50:02 +0000 2013,99.15548209,3.3314393
Wed Aug 14 12:50:03 +0000 2013,-0.05585521,51.51999343
Wed Aug 14 12:50:04 +0000 2013,82.944852,55.0715339
Wed Aug 14 12:50:04 +0000 2013,-84.1643206,40.7678742
Wed Aug 14 12:50:04 +0000 2013,106.9657175,-6.2446355
Wed Aug 14 12:50:05 +0000 2013,-44.28705087,-2.53317284
Wed Aug 14 12:50:11 +0000 2013,-70.5760784,-33.40615028
Wed Aug 14 12:50:12 +0000 2013,121.01898549,14.65757097
Wed Aug 14 12:50:13 +0000 2013,-99.2469228,19.48293763
Wed Aug 14 12:50:15 +0000 2013,27.0991963,38.4585718
Wed Aug 14 12:50:15 +0000 2013,28.99336777,41.04881085
Wed Aug 14 12:50:16 +0000 2013,29.0068835,41.04103807
Wed Aug 14 12:50:17 +0000 2013,27.895365,39.6166955
Wed Aug 14 12:50:17 +0000 2013,107.7724541,-7.0502182
Wed Aug 14 12:50:18 +0000 2013,-4.12146093,40.4729409
Wed Aug 14 12:50:18 +0000 2013,109.13806281,-6.86692449
Wed Aug 14 12:50:20 +0000 2013,-76.52412453,3.47685017
Wed Aug 14 12:50:22 +0000 2013,-61.0448734,14.6070343
Wed Aug 14 12:50:23 +0000 2013,-76.90652904,38.79025311
Wed Aug 14 12:50:24 +0000 2013,101.5841681,3.06105987
Wed Aug 14 12:50:27 +0000 2013,106.70328,-6.22816
Wed Aug 14 12:50:30 +0000 2013,1.21347772,52.05259231
Wed Aug 14 12:50:30 +0000 2013,101.49859,3.21743
Wed Aug 14 12:50:31 +0000 2013,-59.9612442,-3.09005796
Wed Aug 14 12:50:33 +0000 2013,107.53893807,-6.88644933
Wed Aug 14 12:50:33 +0000 2013,104.48914956,-5.50185778
Wed Aug 14 12:50:34 +0000 2013,-83.6417123,41.37387918
Wed Aug 14 12:50:36 +0000 2013,-76.74121987,39.31210978
Wed Aug 14 12:50:37 +0000 2013,-72.93322264,41.326063
Wed Aug 14 12:50:40 +0000 2013,98.66783429,3.58491283
Wed Aug 14 12:50:40 +0000 2013,-1.17807154,52.59483521
Wed Aug 14 12:50:41 +0000 2013,-78.35981369,-0.12436857
Wed Aug 14 12:50:41 +0000 2013,107.42475,-6.60351
Wed Aug 14 12:50:41 +0000 2013,-94.5098638,39.1777786
Wed Aug 14 12:50:41 +0000 2013,107.87135,-7.17809
Wed Aug 14 12:50:42 +0000 2013,35.3398606,36.9838185
Wed Aug 14 12:50:42 +0000 2013,110.7729715,-7.6202937
Wed Aug 14 12:50:43 +0000 2013,-71.4464921,42.72411361
Wed Aug 14 12:50:45 +0000 2013,-1.54160779,54.91531329
Wed Aug 14 12:50:48 +0000 2013,5.20477,43.42509
Wed Aug 14 12:50:48 +0000 2013,133.8682411,34.61865984
Wed Aug 14 12:50:49 +0000 2013,107.61327,-6.88751
Wed Aug 14 12:50:50 +0000 2013,113.8794653,-2.1832028
Wed Aug 14 12:50:51 +0000 2013,10.4103124,63.43484764
Wed Aug 14 12:50:51 +0000 2013,-121.5782487,39.1164887
Wed Aug 14 12:50:51 +0000 2013,139.70460721,35.71263355
Wed Aug 14 12:50:53 +0000 2013,1.26719045,51.8512278
Wed Aug 14 12:50:53 +0000 2013,-97.02953909,32.97208173
Wed Aug 14 12:50:53 +0000 2013,126.3948742,37.7325523
Wed Aug 14 12:50:56 +0000 2013,-69.866506,18.491192
Wed Aug 14 12:50:58 +0000 2013,124.98387,1.4197
Wed Aug 14 12:50:59 +0000 2013,15.44740522,60.49345227
Wed Aug 14 12:50:59 +0000 2013,121.027225,14.5767153
Wed Aug 14 12:51:00 +0000 2013,115.86984866,-31.93828639
Wed Aug 14 12:51:00 +0000 2013,98.53687726,3.60087033
Wed Aug 14 12:51:05 +0000 2013,-1.9819,43.3136
Wed Aug 14 12:51:06 +0000 2013,106.512675,-7.3331715
Wed Aug 14 12:51:08 +0000 2013,101.4727671,2.9955091
Wed Aug 14 12:51:08 +0000 2013,135.66075559,34.75543673
Wed Aug 14 12:51:10 +0000 2013,106.8277,-6.2341
Wed Aug 14 12:51:12 +0000 2013,105.26073,-5.40081
Wed Aug 14 12:51:13 +0000 2013,-8.1583089,43.4982523
Wed Aug 14 12:51:14 +0000 2013,113.80165,-7.72053
Wed Aug 14 12:51:17 +0000 2013,132.46382443,34.39237873
Wed Aug 14 12:51:18 +0000 2013,55.92464668,25.76028371
Wed Aug 14 12:51:19 +0000 2013,-71.04720214,41.82840598
Wed Aug 14 12:51:21 +0000 2013,4.5049312,51.8445287
Wed Aug 14 12:51:21 +0000 2013,106.819982,-6.3544773
Wed Aug 14 12:51:21 +0000 2013,110.85423,-7.55366
Wed Aug 14 12:51:22 +0000 2013,3.08817669,50.59757917
Wed Aug 14 12:51:25 +0000 2013,11.03543,50.98768
Wed Aug 14 12:51:25 +0000 2013,103.83569534,1.3021373
Wed Aug 14 12:51:26 +0000 2013,-87.5623201,38.0232032
Wed Aug 14 12:51:28 +0000 2013,-62.712776,8.2815759
Wed Aug 14 12:51:29 +0000 2013,6.10918832,49.30245901
Wed Aug 14 12:51:29 +0000 2013,-40.37179301,-20.32629787
Wed Aug 14 12:51:30 +0000 2013,-84.42466,33.98598
Wed Aug 14 12:51:30 +0000 2013,17.6017619,40.30073754
Wed Aug 14 12:51:32 +0000 2013,-98.63251595,29.37293386
Wed Aug 14 12:51:33 +0000 2013,109.16629876,-7.44953752
Wed Aug 14 12:51:35 +0000 2013,-4.07452289,36.75283022
Wed Aug 14 12:51:38 +0000 2013,-58.42585087,-34.58969329
Wed Aug 14 12:51:38 +0000 2013,-82.04269412,33.44910975
Wed Aug 14 12:51:42 +0000 2013,30.4969583,39.7549936
Wed Aug 14 12:51:42 +0000 2013,101.5387634,3.2368965
Wed Aug 14 12:51:43 +0000 2013,140.91927844,38.2228195
Wed Aug 14 12:51:44 +0000 2013,-0.38522565,39.47863289
Wed Aug 14 12:51:44 +0000 2013,106.91861866,-6.15410966
Wed Aug 14 12:51:45 +0000 2013,120.60059974,15.41958638
Wed Aug 14 12:51:47 +0000 2013,116.1252252,-8.6856752
Wed Aug 14 12:51:49 +0000 2013,-78.36702791,38.20038079
Wed Aug 14 12:51:49 +0000 2013,47.86491179,29.29510999
Wed Aug 14 12:51:51 +0000 2013,51.40279,25.24985
Wed Aug 14 12:51:52 +0000 2013,101.0537766,13.8487303
Wed Aug 14 12:51:55 +0000 2013,-70.6501445,-33.445754
